date,SM_median,Loss,r_pre,r_cur,r_avg,slope_day,slope_night,slope_neg,n_day,n_night,n_neg,n_win,y_min,y_max,t_min,t_max
2018-01-01,31.8,-0.20000076,0.0,0.0,0.0,0.0,0.0,-0.09999847412109375,10,14,1,24,31.7,32.5,2018-01-01T14:00:00.0,2018-01-01T19:00:00.0
2018-01-02,32.0,-0.40000153,0.0,0.0,0.0,0.0,0.0,0.0,10,14,0,24,32.0,33.9,2018-01-03T03:00:00.0,2018-01-02T21:00:00.0
2018-01-03,33.3,-6.0,0.0,0.13333256542682648,0.06666628271341324,0.2857142984867096,0.13333256542682648,0.0,10,14,0,24,32.6,38.7,2018-01-03T08:00:00.0,2018-01-04T05:00:00.0
2018-01-04,38.2,3.800003,0.13333256542682648,-0.12999992072582245,0.0016663223505020142,-0.1999969482421875,-0.12999992072582245,-0.1899997740983963,10,14,10,24,34.6,38.6,2018-01-05T07:00:00.0,2018-01-04T11:00:00.0
2018-01-05,34.4,-2.9000015,-0.12999992072582245,0.0,-0.06499996036291122,-0.03333282470703125,0.0,-0.057142529636621475,10,14,7,24,34.2,37.8,2018-01-05T15:00:00.0,2018-01-06T05:00:00.0
2018-01-06,36.25,0.79999924,0.0,0.02222188375890255,0.011110941879451275,-0.18333308398723602,0.02222188375890255,-0.19000014662742615,10,14,10,24,35.4,37.6,2018-01-06T19:00:00.0,2018-01-06T23:00:00.0
2018-01-07,35.65,1.5,0.02222188375890255,-0.09999974817037582,-0.03888893220573664,-0.125,-0.09999974817037582,-0.15000009536743164,10,14,8,24,34.7,36.2,2018-01-08T07:00:00.0,2018-01-07T08:00:00.0
2018-01-08,34.5,1.0,-0.09999974817037582,-0.049999237060546875,-0.07499949261546135,-0.03333282470703125,-0.049999237060546875,-0.040000151842832565,10,14,10,24,33.6,34.6,2018-01-09T07:00:00.0,2018-01-08T10:00:00.0
2018-01-09,33.6,0.5999985,-0.049999237060546875,-0.03750038146972656,-0.04374980926513672,0.0,-0.03750038146972656,-0.09999847412109375,10,14,1,24,33.0,33.6,2018-01-10T07:00:00.0,2018-01-09T14:00:00.0
2018-01-10,33.0,0.29999924,-0.03750038146972656,-0.023076863959431648,-0.030288622714579105,0.0,-0.023076863959431648,-0.09999847412109375,10,14,1,24,32.7,33.1,2018-01-11T07:00:00.0,2018-01-10T13:00:00.0
2018-01-11,32.7,0.5,-0.023076863959431648,-0.029999922960996628,-0.026538393460214138,0.0,-0.029999922960996628,-0.10000228881835938,10,14,1,24,32.2,32.7,2018-01-12T07:00:00.0,2018-01-11T15:00:00.0
2018-01-12,32.2,0.5,-0.029999922960996628,-0.03749990463256836,-0.033749913796782494,0.0,-0.03749990463256836,0.0,10,14,0,24,31.7,32.2,2018-01-13T07:00:00.0,2018-01-12T21:00:00.0
2018-01-13,31.650002,0.5,-0.03749990463256836,-0.03333330154418945,-0.035416603088378906,-0.01250004768371582,-0.03333330154418945,-0.10000038146972656,10,14,1,24,31.2,31.7,2018-01-14T07:00:00.0,2018-01-13T12:00:00.0
2018-01-14,31.150002,0.40000153,-0.03333330154418945,-0.016666730865836143,-0.0250000162050128,0.0,-0.016666730865836143,-0.014285768382251263,10,14,7,24,30.8,31.2,2018-01-15T07:00:00.0,2018-01-14T14:00:00.0
2018-01-15,30.8,0.099998474,-0.016666730865836143,0.0,-0.008333365432918072,-0.012499809265136719,0.0,-0.09999847412109375,10,14,1,24,30.7,30.8,2018-01-16T07:00:00.0,2018-01-16T01:00:00.0
2018-01-16,30.8,NaN,0.0,0.0,0.0,0.020000075921416283,0.0,0.0,10,14,0,24,30.8,30.9,2018-01-17T07:00:00.0,2018-01-17T05:00:00.0
2018-01-17,30.9,0.099998474,0.0,-0.018181713297963142,-0.009090856648981571,0.0,-0.018181713297963142,0.0,10,14,0,24,30.7,30.9,2018-01-18T07:00:00.0,2018-01-17T22:00:00.0
2018-01-18,30.6,0.30000114,-0.018181713297963142,-0.020000075921416283,-0.019090894609689713,0.0,-0.020000075921416283,-0.10000038146972656,10,14,1,24,30.3,30.6,2018-01-19T07:00:00.0,2018-01-18T22:00:00.0
2018-01-19,30.3,-4.5,-0.020000075921416283,0.3833335340023041,0.1816667290404439,0.0,0.3833335340023041,0.0,10,14,0,24,30.3,35.8,2018-01-19T18:00:00.0,2018-01-20T02:00:00.0
2018-01-20,35.75,-2.5,0.3833335340023041,0.0,0.19166676700115204,0.2142857164144516,0.0,0.14444436132907867,10,14,9,24,34.5,37.4,2018-01-20T10:00:00.0,2018-01-21T05:00:00.0
2018-01-21,36.75,3.0,0.0,-0.09000015258789062,-0.04500007629394531,-0.20000076293945312,-0.09000015258789062,-0.21249961853027344,10,14,8,24,34.6,37.6,2018-01-22T07:00:00.0,2018-01-21T09:00:00.0
2018-01-22,34.35,0.9000015,-0.09000015258789062,-0.033334095031023026,-0.061667123809456825,-0.04999987408518791,-0.033334095031023026,-0.0555555559694767,10,14,9,24,33.6,34.5,2018-01-23T07:00:00.0,2018-01-22T09:00:00.0
2018-01-23,33.45,-3.300003,-0.033334095031023026,0.32222238183021545,0.14444414339959621,-0.024999618530273438,0.32222238183021545,-0.033333249390125275,10,14,9,24,33.2,36.9,2018-01-23T20:00:00.0,2018-01-24T07:00:00.0
2018-01-24,37.0,-1.0,0.32222238183021545,-0.03999977186322212,0.14111130498349667,0.04999987408518791,-0.03999977186322212,0.0,10,14,4,24,36.7,38.4,2018-01-24T08:00:00.0,2018-01-24T23:00:00.0
2018-01-25,38.45,0.30000305,-0.03999977186322212,-0.10000010579824448,-0.0699999388307333,0.0,-0.10000010579824448,-0.1400001496076584,10,14,5,24,36.5,38.8,2018-01-26T03:00:00.0,2018-01-25T12:00:00.0
2018-01-26,37.55,-0.79999924,-0.10000010579824448,0.07083304598927498,-0.014583529904484749,-0.0625,0.07083304598927498,-0.10000000149011612,10,13,5,23,37.4,38.6,2018-01-26T19:00:00.0,2018-01-27T06:00:00.0
2018-01-27,39.1,-0.6000023,0.07083304598927498,-0.09999995306134224,-0.01458345353603363,-0.040000151842832565,-0.09999995306134224,-0.08750009536743164,11,13,8,24,37.4,39.7,2018-01-28T03:00:00.0,2018-01-27T09:00:00.0
2018-01-28,38.5,0.29999924,-0.09999995306134224,-0.09999974817037582,-0.09999985061585903,-0.2999992370605469,-0.09999974817037582,-0.28888872265815735,11,13,9,24,35.8,39.8,2018-01-29T03:00:00.0,2018-01-28T08:00:00.0
2018-01-29,37.7,3.7999992,-0.09999974817037582,-0.11428560316562653,-0.10714267566800117,-0.23750019073486328,-0.11428560316562653,-0.21818161010742188,11,13,11,24,35.4,39.2,2018-01-30T06:00:00.0,2018-01-29T07:00:00.0
2018-01-30,35.1,1.0,-0.11428560316562653,-0.047726891934871674,-0.0810062475502491,-0.03333346173167229,-0.047726891934871674,-0.05454566329717636,11,13,11,24,34.2,35.2,2018-01-31T06:00:00.0,2018-01-30T07:00:00.0
2018-01-31,34.1,0.70000076,-0.047726891934871674,-0.059999845921993256,-0.053863368928432465,0.0,-0.059999845921993256,-0.10000228881835938,11,13,1,24,33.5,34.2,2018-02-01T06:00:00.0,2018-01-31T07:00:00.0
2018-02-01,33.4,0.40000153,-0.059999845921993256,-0.027922097593545914,-0.043960971757769585,0.0,-0.027922097593545914,-0.09999847412109375,11,13,1,24,33.0,33.4,2018-02-02T06:00:00.0,2018-02-01T17:00:00.0
2018-02-02,32.8,0.40000153,-0.027922097593545914,-0.0250000162050128,-0.026461056899279356,0.0,-0.0250000162050128,-0.06666692346334457,11,13,3,24,32.5,32.9,2018-02-03T06:00:00.0,2018-02-02T08:00:00.0
2018-02-03,32.4,0.40000153,-0.0250000162050128,-0.02613637689501047,-0.025568196550011635,0.0,-0.02613637689501047,-0.09999847412109375,11,13,1,24,32.0,32.4,2018-02-04T06:00:00.0,2018-02-03T17:00:00.0
2018-02-04,31.9,0.5,-0.02613637689501047,-0.022222094237804413,-0.024179235566407442,-0.014285768382251263,-0.022222094237804413,-0.02500009536743164,11,13,8,24,31.5,32.0,2018-02-05T06:00:00.0,2018-02-04T07:00:00.0
2018-02-05,31.5,0.39999962,-0.022222094237804413,-0.044949473813176155,-0.033585784025490284,0.010000037960708141,-0.044949473813176155,0.0,11,13,0,24,31.1,31.6,2018-02-06T06:00:00.0,2018-02-05T19:00:00.0
2018-02-06,31.1,0.0,-0.044949473813176155,-0.019999885000288486,-0.03247467940673232,0.02500009536743164,-0.019999885000288486,-0.10000038146972656,11,13,1,24,31.0,31.3,2018-02-07T06:00:00.0,2018-02-06T21:00:00.0
2018-02-07,31.0,0.29999924,-0.019999885000288486,-0.020000075921416283,-0.019999980460852385,0.0,-0.020000075921416283,-0.10000038146972656,11,13,1,24,30.7,31.0,2018-02-08T06:00:00.0,2018-02-08T01:00:00.0
2018-02-08,30.6,0.20000076,-0.020000075921416283,0.0,-0.010000037960708141,0.0,0.0,-0.014285768382251263,11,13,7,24,30.5,30.7,2018-02-09T06:00:00.0,2018-02-08T13:00:00.0
2018-02-09,30.5,0.0,0.0,0.0,0.0,0.0,0.0,0.0,11,13,0,24,30.4,30.5,2018-02-10T05:00:00.0,2018-02-10T06:00:00.0
2018-02-10,30.5,0.0,0.0,-0.004166682716459036,-0.002083341358229518,0.011111153289675713,-0.004166682716459036,0.0,11,13,0,24,30.5,30.7,2018-02-11T06:00:00.0,2018-02-11T00:00:00.0
2018-02-11,30.5,0.10000038,-0.004166682716459036,-0.005555576644837856,-0.004861129680648446,0.010000037960708141,-0.005555576644837856,-0.10000038146972656,11,13,1,24,30.3,30.5,2018-02-12T06:00:00.0,2018-02-12T02:00:00.0
2018-02-12,30.3,0.19999886,-0.005555576644837856,-0.014285496436059475,-0.009920536540448666,0.0,-0.014285496436059475,-0.09999847412109375,11,13,1,24,30.1,30.3,2018-02-13T06:00:00.0,2018-02-13T01:00:00.0
2018-02-13,30.1,0.0,-0.014285496436059475,-0.008712154813110828,-0.011498825624585152,0.010000037960708141,-0.008712154813110828,-0.10000038146972656,11,13,1,24,30.0,30.1,2018-02-14T06:00:00.0,2018-02-14T01:00:00.0
2018-02-14,30.0,0.10000038,-0.008712154813110828,0.0,-0.004356077406555414,0.0,0.0,0.0,11,13,0,24,29.9,30.0,2018-02-15T06:00:00.0,2018-02-14T20:00:00.0
2018-02-15,29.9,0.10000038,0.0,0.0,0.0,0.0,0.0,0.0,11,13,0,24,29.8,29.9,2018-02-16T06:00:00.0,2018-02-16T04:00:00.0
2018-02-16,29.8,0.099998474,0.0,-0.01250004768371582,-0.00625002384185791,0.0,-0.01250004768371582,0.0,11,13,0,24,29.7,29.9,2018-02-17T06:00:00.0,2018-02-16T23:00:00.0
2018-02-17,29.7,0.0,-0.01250004768371582,0.0,-0.00625002384185791,0.0,0.0,0.0,11,13,0,24,29.7,29.7,2018-02-18T06:00:00.0,2018-02-18T06:00:00.0
2018-02-18,29.6,-0.5,0.0,0.050000110641121864,0.025000055320560932,0.0,0.050000110641121864,-0.10000038146972656,11,13,1,24,29.6,30.3,2018-02-18T20:00:00.0,2018-02-18T23:00:00.0
2018-02-19,30.6,-2.9000015,0.050000110641121864,0.03333346173167229,0.041666786186397076,0.05000019073486328,0.03333346173167229,0.0,11,13,0,24,30.3,33.2,2018-02-19T09:00:00.0,2018-02-20T06:00:00.0
2018-02-20,35.6,1.6000023,0.03333346173167229,-0.049999237060546875,-0.008332887664437294,-0.20000028610229492,-0.049999237060546875,-0.3142858147621155,11,13,7,24,34.1,37.0,2018-02-21T06:00:00.0,2018-02-20T09:00:00.0
2018-02-21,35.4,-0.099998474,-0.049999237060546875,-0.07500028610229492,-0.0624997615814209,0.0714285746216774,-0.07500028610229492,0.02857099287211895,11,13,7,24,34.5,35.9,2018-02-21T07:00:00.0,2018-02-21T14:00:00.0
2018-02-22,34.3,0.79999924,-0.07500028610229492,-0.040000151842832565,-0.057500218972563744,-0.016667047515511513,-0.040000151842832565,-0.036363426595926285,11,13,11,24,33.7,34.5,2018-02-23T06:00:00.0,2018-02-22T07:00:00.0
2018-02-23,33.5,-3.2000008,-0.040000151842832565,0.3949998915195465,0.17749986983835697,0.0,0.3949998915195465,-0.10000038146972656,11,13,2,24,33.5,38.2,2018-02-23T18:00:00.0,2018-02-24T02:00:00.0
2018-02-24,35.9,2.2999992,0.3949998915195465,-0.06666655093431473,0.1641666702926159,-0.09999847412109375,-0.06666655093431473,-0.16363663971424103,11,13,11,24,34.3,36.6,2018-02-25T06:00:00.0,2018-02-24T07:00:00.0
2018-02-25,34.0,0.79999924,-0.06666655093431473,-0.040000151842832565,-0.05333335138857365,0.0,-0.040000151842832565,-0.07499980926513672,11,13,4,24,33.4,34.2,2018-02-26T06:00:00.0,2018-02-25T07:00:00.0
2018-02-26,33.3,0.29999924,-0.040000151842832565,-0.028571536764502525,-0.034285844303667545,0.0,-0.028571536764502525,-0.06666692346334457,11,13,3,24,33.0,33.3,2018-02-27T06:00:00.0,2018-02-26T22:00:00.0
2018-02-27,33.1,-2.0,-0.028571536764502525,-0.373214453458786,-0.20089299511164427,0.016666412353515625,-0.373214453458786,0.0,11,13,0,24,33.0,39.8,2018-02-27T10:00:00.0,2018-02-27T19:00:00.0
2018-02-28,34.4,1.4000015,-0.373214453458786,-0.049999793991446495,-0.21160712372511625,-0.057142529636621475,-0.049999793991446495,-0.07999992370605469,11,13,10,24,33.5,34.9,2018-03-01T06:00:00.0,2018-02-28T07:00:00.0
2018-03-01,33.3,0.80000305,-0.049999793991446495,-0.05000019073486328,-0.04999999236315489,-0.02500009536743164,-0.05000019073486328,-0.03749990463256836,11,13,8,24,32.6,33.4,2018-03-02T06:00:00.0,2018-03-01T10:00:00.0
2018-03-02,32.5,-6.0,-0.05000019073486328,-0.0833333358168602,-0.06666676327586174,0.5,-0.0833333358168602,-0.03999938815832138,11,13,5,24,32.4,39.6,2018-03-02T13:00:00.0,2018-03-02T22:00:00.0
2018-03-03,36.0,4.8999977,-0.0833333358168602,-0.08571406453847885,-0.08452370017766953,-0.4111107587814331,-0.08571406453847885,-0.38999977707862854,11,13,10,24,33.7,38.6,2018-03-04T06:00:00.0,2018-03-03T07:00:00.0
2018-03-04,36.2,-1.2000008,-0.08571406453847885,-0.3738889992237091,-0.22980153188109398,0.21111127734184265,-0.3738889992237091,0.1799999177455902,11,13,10,24,33.5,38.5,2018-03-04T08:00:00.0,2018-03-04T21:00:00.0
2018-03-05,34.2,1.199997,-0.3738889992237091,-0.06458282470703125,-0.21923591196537018,-0.049999237060546875,-0.06458282470703125,-0.0666666030883789,12,12,12,24,33.4,34.6,2018-03-06T06:00:00.0,2018-03-05T07:00:00.0
2018-03-06,37.699997,-5.299999,-0.06458282470703125,0.049999237060546875,-0.0072917938232421875,0.19999853521585464,0.049999237060546875,-0.2333323210477829,12,12,3,24,33.5,39.1,2018-03-06T09:00:00.0,2018-03-07T04:00:00.0
2018-03-07,36.65,4.299999,0.049999237060546875,-0.10000000149011612,-0.025000382214784622,-0.30000026524066925,-0.10000000149011612,-0.2749999463558197,12,12,12,24,34.3,38.6,2018-03-08T06:00:00.0,2018-03-07T07:00:00.0
2018-03-08,33.95,1.0,-0.10000000149011612,-0.05000009573996067,-0.0750000486150384,-0.03333346173167229,-0.05000009573996067,-0.0625,12,12,8,24,33.2,34.2,2018-03-09T06:00:00.0,2018-03-08T07:00:00.0
2018-03-09,33.0,0.5,-0.05000009573996067,-0.03333303704857826,-0.041666566394269466,0.0,-0.03333303704857826,-0.10000038146972656,12,12,2,24,32.6,33.1,2018-03-10T06:00:00.0,2018-03-09T07:00:00.0
2018-03-10,32.4,0.5,-0.03333303704857826,-0.04142886586487293,-0.0373809514567256,0.0,-0.04142886586487293,-0.07499980926513672,12,12,4,24,32.0,32.5,2018-03-11T06:00:00.0,2018-03-10T07:00:00.0
2018-03-11,31.9,0.39999962,-0.04142886586487293,-0.014285496436059475,-0.027857181150466204,0.0,-0.014285496436059475,-0.01818188838660717,12,12,11,24,31.5,31.9,2018-03-12T06:00:00.0,2018-03-11T16:00:00.0
2018-03-12,31.2,0.39999962,-0.014285496436059475,-0.016666730865836143,-0.01547611365094781,0.0,-0.016666730865836143,-0.09999974817037582,12,12,3,24,31.0,31.4,2018-03-13T06:00:00.0,2018-03-12T07:00:00.0
2018-03-13,30.9,-4.5999985,-0.016666730865836143,-0.12053541094064713,-0.06860107090324163,0.18000026047229767,-0.12053541094064713,-0.10000038146972656,12,12,1,24,30.9,38.5,2018-03-13T14:00:00.0,2018-03-13T18:00:00.0
2018-03-14,35.45,0.80000305,-0.12053541094064713,-0.20000076293945312,-0.16026808694005013,0.21500034630298615,-0.20000076293945312,0.15833346545696259,12,12,12,24,34.6,37.8,2018-03-15T06:00:00.0,2018-03-14T17:00:00.0
2018-03-15,34.2,1.0,-0.20000076293945312,-0.05000019073486328,-0.1250004768371582,-0.02613678853958845,-0.05000019073486328,-0.05000000074505806,12,12,10,24,33.4,34.4,2018-03-16T06:00:00.0,2018-03-15T08:00:00.0
2018-03-16,33.2,0.70000076,-0.05000019073486328,-0.024999618530273438,-0.03749990463256836,-0.025000333786010742,-0.024999618530273438,-0.03750038146972656,12,12,8,24,32.7,33.4,2018-03-17T06:00:00.0,2018-03-16T07:00:00.0
2018-03-17,36.45,-5.700001,-0.024999618530273438,0.07499980926513672,0.02500009536743164,0.45772720873355865,0.07499980926513672,-0.20000076293945312,12,12,1,24,32.7,38.4,2018-03-17T09:00:00.0,2018-03-18T06:00:00.0
2018-03-18,38.6,-0.3999977,0.07499980926513672,0.0,0.03749990463256836,0.05000019073486328,0.0,0.0,12,12,0,24,38.4,39.1,2018-03-18T09:00:00.0,2018-03-19T02:00:00.0
2018-03-19,37.6,2.5999985,0.0,-0.06833349913358688,-0.03416674956679344,-0.17321443557739258,-0.06833349913358688,-0.2083333283662796,12,12,12,24,35.2,38.3,2018-03-20T06:00:00.0,2018-03-19T08:00:00.0
2018-03-20,34.65,1.5,-0.06833349913358688,-0.0714285746216774,-0.06988103687763214,-0.06666692346334457,-0.0714285746216774,-0.07272720336914062,12,12,11,24,33.6,35.1,2018-03-21T06:00:00.0,2018-03-20T07:00:00.0
2018-03-21,33.3,0.5999985,-0.0714285746216774,-0.03874983824789524,-0.05508920643478632,0.0,-0.03874983824789524,-0.07499980926513672,12,12,4,24,32.9,33.5,2018-03-22T06:00:00.0,2018-03-21T07:00:00.0
2018-03-22,32.6,0.70000076,-0.03874983824789524,-0.03333282470703125,-0.036041331477463245,0.0,-0.03333282470703125,-0.1000010147690773,12,12,3,24,32.1,32.8,2018-03-23T06:00:00.0,2018-03-22T07:00:00.0
2018-03-23,31.9,0.29999924,-0.03333282470703125,0.0,-0.016666412353515625,0.0,0.0,-0.06666628271341324,12,12,3,24,31.7,32.0,2018-03-24T06:00:00.0,2018-03-23T08:00:00.0
2018-03-24,32.35,-2.7999992,0.0,-0.04999987408518791,-0.024999937042593956,0.3777775168418884,-0.04999987408518791,0.0,12,12,0,24,31.7,35.1,2018-03-24T10:00:00.0,2018-03-24T18:00:00.0
2018-03-25,34.1,1.1000023,-0.04999987408518791,-0.05357210896909237,-0.05178599152714014,-0.033334095031023026,-0.05357210896909237,-0.0555555559694767,12,12,9,24,33.3,34.4,2018-03-26T06:00:00.0,2018-03-25T08:00:00.0
2018-03-26,32.6,1.1999989,-0.05357210896909237,-0.04365082271397114,-0.048611465841531754,-0.023611200973391533,-0.04365082271397114,-0.1400001496076584,12,12,5,24,31.9,33.1,2018-03-27T06:00:00.0,2018-03-26T07:00:00.0
2018-03-27,31.0,0.9000015,-0.04365082271397114,0.017424222081899643,-0.013113300316035748,-0.10000000149011612,0.017424222081899643,-0.12999992072582245,12,12,10,24,30.5,31.7,2018-03-28T02:00:00.0,2018-03-27T07:00:00.0
2018-03-28,30.05,0.8999996,0.017424222081899643,0.03541668318212032,0.026420452632009983,-0.09999942779541016,0.03541668318212032,-0.10909080505371094,12,12,11,24,29.5,30.6,2018-03-28T22:00:00.0,2018-03-28T07:00:00.0
2018-03-29,29.4,0.5,0.03541668318212032,0.0,0.01770834159106016,0.0,0.0,-0.03750014305114746,12,12,8,24,29.1,29.6,2018-03-30T06:00:00.0,2018-03-29T07:00:00.0
2018-03-30,28.349998,1.2999992,0.0,-0.02500009536743164,-0.01250004768371582,-0.09999958798289299,-0.02500009536743164,-0.10000000149011612,12,12,10,24,27.7,29.0,2018-03-31T06:00:00.0,2018-03-30T07:00:00.0
2018-03-31,27.5,0.10000038,-0.02500009536743164,-0.02500009536743164,-0.02500009536743164,0.05000019073486328,-0.02500009536743164,-0.125,12,12,4,24,27.2,27.8,2018-03-31T10:00:00.0,2018-03-31T18:00:00.0
2018-04-01,27.5,-6.299999,-0.02500009536743164,0.5530300140380859,0.26401495933532715,0.0,0.5530300140380859,0.0,12,12,0,24,27.5,34.3,2018-04-01T21:00:00.0,2018-04-02T03:00:00.0
2018-04-02,32.75,2.0,0.5530300140380859,-0.07888878881931305,0.23707061260938644,-0.09999847412109375,-0.07888878881931305,-0.12727251648902893,12,12,11,24,31.5,33.5,2018-04-03T06:00:00.0,2018-04-02T07:00:00.0
2018-04-03,31.0,0.39999962,-0.07888878881931305,0.0,-0.039444394409656525,-0.011111153289675713,0.0,-0.060000039637088776,12,12,10,24,30.9,31.3,2018-04-04T06:00:00.0,2018-04-03T07:00:00.0
2018-04-04,30.6,-3.2999992,0.0,0.3955555558204651,0.19777777791023254,-0.020000075921416283,0.3955555558204651,-0.04999995231628418,12,12,8,24,30.4,37.7,2018-04-04T22:00:00.0,2018-04-05T01:00:00.0
2018-04-05,34.65,1.5999985,0.3955555558204651,-0.11428560316562653,0.14063497632741928,0.05357210896909237,-0.11428560316562653,-0.020000075921416283,12,12,10,24,33.0,35.8,2018-04-06T06:00:00.0,2018-04-05T16:00:00.0
2018-04-06,32.45,1.4000015,-0.11428560316562653,-0.049999937415122986,-0.08214277029037476,-0.06666692346334457,-0.049999937415122986,-0.07999992370605469,12,12,10,24,31.5,32.9,2018-04-07T06:00:00.0,2018-04-06T07:00:00.0
2018-04-07,31.0,1.0999985,-0.049999937415122986,-0.04999947547912598,-0.04999970644712448,-0.023611200973391533,-0.04999947547912598,-0.05454548820853233,12,12,11,24,30.2,31.3,2018-04-08T06:00:00.0,2018-04-07T07:00:00.0
2018-04-08,29.7,0.70000076,-0.04999947547912598,-0.02500009536743164,-0.03749978542327881,0.0,-0.02500009536743164,-0.125,12,11,4,23,29.3,30.0,2018-04-09T05:00:00.0,2018-04-08T07:00:00.0
2018-04-09,28.7,0.6000004,-0.02500009536743164,-0.016666730865836143,-0.020833413116633892,0.0,-0.016666730865836143,-0.13999977707862854,13,11,5,24,28.5,29.1,2018-04-10T05:00:00.0,2018-04-09T06:00:00.0
2018-04-10,27.8,0.6000004,-0.016666730865836143,0.0,-0.008333365432918072,0.0,0.0,-0.19999980926513672,13,11,4,24,27.6,28.2,2018-04-11T05:00:00.0,2018-04-10T06:00:00.0
2018-04-11,27.3,-0.70000076,0.0,0.08750009536743164,0.04375004768371582,0.0,0.08750009536743164,-0.10000038146972656,13,11,3,24,27.3,28.2,2018-04-11T14:00:00.0,2018-04-12T05:00:00.0
2018-04-12,28.3,-6.8999977,0.08750009536743164,0.19999949634075165,0.14374979585409164,0.1585712432861328,0.19999949634075165,0.0,13,11,0,24,28.2,37.1,2018-04-12T11:00:00.0,2018-04-12T20:00:00.0
2018-04-13,36.0,1.2999992,0.19999949634075165,-0.34722232818603516,-0.07361141592264175,0.14999961853027344,-0.34722232818603516,0.0,13,11,0,24,34.0,37.2,2018-04-14T05:00:00.0,2018-04-13T21:00:00.0
2018-04-14,34.4,0.70000076,-0.34722232818603516,-0.0833333358168602,-0.21527783200144768,-0.05000082589685917,-0.0833333358168602,0.0076921903528273106,13,11,13,24,33.2,35.0,2018-04-15T05:00:00.0,2018-04-14T09:00:00.0
2018-04-15,33.1,1.6000004,-0.0833333358168602,-0.0714285746216774,-0.0773809552192688,-0.033333778381347656,-0.0714285746216774,-0.059999845921993256,13,11,10,24,31.6,33.3,2018-04-16T05:00:00.0,2018-04-15T08:00:00.0
2018-04-16,31.1,0.10000038,-0.0714285746216774,0.03333314135670662,-0.01904771663248539,0.0,0.03333314135670662,-0.125,13,11,4,24,31.1,31.5,2018-04-16T21:00:00.0,2018-04-16T06:00:00.0
2018-04-17,30.8,2.1000004,0.03333314135670662,-0.0555555559694767,-0.01111120730638504,-0.09999974817037582,-0.0555555559694767,-0.10833326727151871,13,11,12,24,29.3,31.4,2018-04-18T05:00:00.0,2018-04-17T06:00:00.0
2018-04-18,28.8,1.3999996,-0.0555555559694767,-0.060000229626894,-0.05777789279818535,0.0,-0.060000229626894,-0.05833323672413826,13,11,12,24,27.7,29.1,2018-04-19T05:00:00.0,2018-04-18T06:00:00.0
2018-04-19,27.4,-0.5,-0.060000229626894,-0.020000075921416283,-0.04000015277415514,0.10000038146972656,-0.020000075921416283,-0.23333358764648438,13,11,3,24,27.0,28.1,2018-04-19T10:00:00.0,2018-04-19T21:00:00.0
2018-04-20,27.5,-6.5,-0.020000075921416283,0.7874999046325684,0.38374991435557604,-0.01250004768371582,0.7874999046325684,-0.03846153989434242,13,11,13,24,27.3,34.9,2018-04-20T19:00:00.0,2018-04-21T02:00:00.0
2018-04-21,34.4,-0.3999977,0.7874999046325684,-0.012500286102294922,0.3874998092651367,-0.08571434020996094,-0.012500286102294922,-0.016666730865836143,13,11,12,24,33.3,35.8,2018-04-22T02:00:00.0,2018-04-21T08:00:00.0
2018-04-22,35.7,-5.5,-0.012500286102294922,0.2999992370605469,0.14374947547912598,0.17249993979930878,0.2999992370605469,-0.32000046968460083,13,11,5,24,34.8,40.5,2018-04-22T14:00:00.0,2018-04-23T03:00:00.0
2018-04-23,38.0,5.8999977,0.2999992370605469,-0.059999845921993256,0.11999969556927681,-0.4645834267139435,-0.059999845921993256,-0.5333332419395447,13,11,9,24,34.4,40.3,2018-04-24T05:00:00.0,2018-04-23T09:00:00.0
2018-04-24,34.15,0.29999924,-0.059999845921993256,-0.049999237060546875,-0.054999541491270065,0.06666628643870354,-0.049999237060546875,-0.17500019073486328,13,11,4,24,33.7,34.6,2018-04-24T09:00:00.0,2018-04-25T00:00:00.0
2018-04-25,33.5,0.9000015,-0.049999237060546875,-0.01999969407916069,-0.03499946556985378,0.0,-0.01999969407916069,-0.11999969184398651,13,11,5,24,33.0,33.9,2018-04-26T05:00:00.0,2018-04-25T06:00:00.0
2018-04-26,33.2,0.0,-0.01999969407916069,-0.020000457763671875,-0.020000075921416283,0.06333357654511929,-0.020000457763671875,-0.1666666716337204,13,11,3,24,32.5,33.4,2018-04-26T09:00:00.0,2018-04-27T01:00:00.0
2018-04-27,32.3,0.5999985,-0.020000457763671875,0.0,-0.010000228881835938,0.0,0.0,-0.15999984741210938,13,11,5,24,32.2,32.8,2018-04-28T05:00:00.0,2018-04-27T06:00:00.0
2018-04-28,31.6,0.69999886,0.0,-0.022222306579351425,-0.011111153289675713,0.0,-0.022222306579351425,-0.15000009536743164,13,11,4,24,31.4,32.1,2018-04-29T05:00:00.0,2018-04-28T06:00:00.0
2018-04-29,35.3,-2.7000008,-0.022222306579351425,-0.0700000748038292,-0.04611119069159031,0.0,-0.0700000748038292,0.26153844594955444,13,11,13,24,31.3,35.7,2018-04-29T07:00:00.0,2018-04-29T11:00:00.0
2018-04-30,33.1,-2.3999977,-0.0700000748038292,0.3625001907348633,0.14625005796551704,-0.035417238250374794,0.3625001907348633,-0.0833333358168602,13,11,12,24,33.0,36.6,2018-04-30T23:00:00.0,2018-05-01T01:00:00.0
2018-05-01,35.7,3.8999977,0.3625001907348633,-0.05000019073486328,0.15625,-0.25,-0.05000019073486328,-0.2666664123535156,13,11,12,24,34.2,38.1,2018-05-02T05:00:00.0,2018-05-01T06:00:00.0
2018-05-02,34.3,0.29999924,-0.05000019073486328,-0.05000050738453865,-0.050000349059700966,0.040000151842832565,-0.05000050738453865,-0.07499980926513672,13,11,4,24,33.8,34.4,2018-05-03T05:00:00.0,2018-05-02T23:00:00.0
2018-05-03,33.3,0.69999695,-0.05000050738453865,-0.03333346173167229,-0.04166698455810547,0.0,-0.03333346173167229,-0.11999969184398651,13,11,5,24,32.9,33.6,2018-05-04T05:00:00.0,2018-05-03T06:00:00.0
2018-05-04,32.5,-3.7000008,-0.03333346173167229,0.29999977350234985,0.13333315588533878,0.0,0.29999977350234985,-0.10000010579824448,13,11,7,24,32.2,36.5,2018-05-04T13:00:00.0,2018-05-05T05:00:00.0
2018-05-05,35.3,-0.5999985,0.29999977350234985,0.17500019073486328,0.23749998211860657,-0.1105554811656475,0.17500019073486328,-0.12307680398225784,13,11,13,24,34.9,37.1,2018-05-05T18:00:00.0,2018-05-06T04:00:00.0
2018-05-06,37.1,0.29999924,0.17500019073486328,-0.1666666716337204,0.004166759550571442,0.11249971389770508,-0.1666666716337204,-0.0714285746216774,13,11,7,24,36.4,38.1,2018-05-07T05:00:00.0,2018-05-06T18:00:00.0
2018-05-07,35.4,1.2999992,-0.1666666716337204,-0.012500286102294922,-0.08958347886800766,-0.05500049516558647,-0.012500286102294922,-0.1000000610947609,13,11,12,24,35.0,36.3,2018-05-08T05:00:00.0,2018-05-07T07:00:00.0
2018-05-08,34.6,0.8999977,-0.012500286102294922,-0.059999845921993256,-0.03625006601214409,0.0,-0.059999845921993256,-0.13333384692668915,13,11,3,24,33.9,34.8,2018-05-09T05:00:00.0,2018-05-08T06:00:00.0
2018-05-09,33.1,0.6000023,-0.059999845921993256,0.0,-0.029999922960996628,0.0,0.0,-0.15000025928020477,13,11,6,24,33.0,33.7,2018-05-09T12:00:00.0,2018-05-09T06:00:00.0
2018-05-10,33.0,0.0,0.0,0.0,0.0,0.0,0.0,-0.09999847412109375,13,11,1,24,33.0,33.1,2018-05-10T13:00:00.0,2018-05-11T05:00:00.0
2018-05-11,32.9,-1.5,0.0,0.07499980926513672,0.03749990463256836,0.0,0.07499980926513672,-0.03999938815832138,13,11,5,24,32.9,34.7,2018-05-11T18:00:00.0,2018-05-12T02:00:00.0
2018-05-12,34.1,0.80000305,0.07499980926513672,-0.03333282470703125,0.020833492279052734,0.0,-0.03333282470703125,-0.125,13,11,4,24,33.6,34.4,2018-05-13T05:00:00.0,2018-05-12T06:00:00.0
2018-05-13,33.1,0.9000015,-0.03333282470703125,-0.044444188475608826,-0.03888850659132004,0.0,-0.044444188475608826,-0.14999961853027344,13,11,4,24,32.5,33.4,2018-05-14T05:00:00.0,2018-05-13T06:00:00.0
2018-05-14,30.9,2.3999996,-0.044444188475608826,0.03333346173167229,-0.005555363371968269,-0.20000044256448746,0.03333346173167229,-0.22727273404598236,13,11,11,24,29.7,32.3,2018-05-15T00:00:00.0,2018-05-14T06:00:00.0
2018-05-15,29.05,-1.1999989,0.03333346173167229,0.0625,0.047916730865836143,0.0,0.0625,-0.125,14,10,8,24,28.9,30.9,2018-05-15T13:00:00.0,2018-05-16T04:00:00.0
2018-05-16,30.1,1.1000004,0.0625,0.0,0.03125,-0.016666730865836143,0.0,-0.0666666030883789,14,10,12,24,29.5,30.6,2018-05-17T05:00:00.0,2018-05-16T06:00:00.0
2018-05-17,28.8,0.69999886,0.0,-0.08000030368566513,-0.040000151842832565,0.0,-0.08000030368566513,-0.17500019073486328,14,10,4,24,28.5,29.3,2018-05-18T04:00:00.0,2018-05-18T00:00:00.0
2018-05-18,31.150002,-6.300001,-0.08000030368566513,-0.025000572204589844,-0.05250043794512749,0.481818288564682,-0.025000572204589844,0.39230772852897644,14,10,13,24,28.3,38.6,2018-05-18T12:00:00.0,2018-05-18T13:00:00.0
2018-05-19,33.55,1.6000023,-0.025000572204589844,-0.05000114440917969,-0.037500858306884766,-0.0636364296078682,-0.05000114440917969,-0.12142862379550934,14,10,14,24,32.8,34.4,2018-05-20T05:00:00.0,2018-05-19T06:00:00.0
2018-05-20,32.5,0.5999985,-0.05000114440917969,-0.040000151842832565,-0.045000648126006126,-0.016666412353515625,-0.040000151842832565,-0.059999845921993256,14,10,5,24,32.2,32.8,2018-05-21T05:00:00.0,2018-05-20T06:00:00.0
2018-05-21,32.1,-7.3999977,-0.040000151842832565,1.0714285373687744,0.5157141927629709,0.0,1.0714285373687744,-0.10000228881835938,14,10,1,24,32.1,39.7,2018-05-22T00:00:00.0,2018-05-22T04:00:00.0
2018-05-22,33.95,4.5,1.0714285373687744,-0.07500028610229492,0.49821412563323975,-0.1000010147690773,-0.07500028610229492,-0.4357141852378845,14,10,14,24,32.8,37.3,2018-05-23T05:00:00.0,2018-05-22T06:00:00.0
2018-05-23,32.5,0.6000023,-0.07500028610229492,-0.049999237060546875,-0.0624997615814209,0.0,-0.049999237060546875,-0.14999961853027344,14,10,2,24,32.1,32.7,2018-05-24T05:00:00.0,2018-05-23T06:00:00.0
2018-05-24,31.7,0.5,-0.049999237060546875,-0.05000019073486328,-0.04999971389770508,0.0,-0.05000019073486328,-0.08333301544189453,14,10,6,24,31.4,32.0,2018-05-25T05:00:00.0,2018-05-25T00:00:00.0
2018-05-25,31.25,-4.700001,-0.05000019073486328,-0.13333256542682648,-0.09166637808084488,0.12000007927417755,-0.13333256542682648,-0.1333332061767578,14,10,3,24,31.0,37.5,2018-05-25T11:00:00.0,2018-05-25T23:00:00.0
2018-05-26,35.6,3.0999985,-0.13333256542682648,0.0,-0.06666628271341324,-0.19090929627418518,0.0,-0.2333332747220993,14,10,12,24,34.9,38.1,2018-05-27T04:00:00.0,2018-05-26T06:00:00.0
2018-05-27,34.9,1.2000008,0.0,-0.05000019073486328,-0.02500009536743164,-0.06666692346334457,-0.05000019073486328,-0.0833333358168602,14,10,12,24,34.0,35.5,2018-05-28T05:00:00.0,2018-05-27T07:00:00.0
2018-05-28,33.7,0.6000023,-0.05000019073486328,-0.04999987408518791,-0.0500000324100256,-0.016666730865836143,-0.04999987408518791,-0.028571536764502525,14,10,14,24,33.3,33.9,2018-05-29T05:00:00.0,2018-05-28T07:00:00.0
2018-05-29,33.8,-0.5,-0.04999987408518791,0.0,-0.024999937042593956,0.0,0.0,0.028571536764502525,14,10,14,24,33.2,34.1,2018-05-29T06:00:00.0,2018-05-29T10:00:00.0
2018-05-30,36.199997,-3.7000008,0.0,0.18333308398723602,0.09166654199361801,-0.09999847412109375,0.18333308398723602,-0.4666665494441986,14,10,6,24,34.6,38.3,2018-05-30T06:00:00.0,2018-05-31T05:00:00.0
2018-05-31,36.95,4.300003,0.18333308398723602,-0.13750028610229492,0.02291639894247055,-0.125,-0.13750028610229492,-0.16153863072395325,14,10,13,24,34.1,38.6,2018-06-01T05:00:00.0,2018-05-31T12:00:00.0
2018-06-01,33.5,-2.6000023,-0.13750028610229492,0.260000616312027,0.06125016510486603,0.0,0.260000616312027,-0.17499923706054688,14,10,4,24,33.4,38.7,2018-06-01T10:00:00.0,2018-06-02T00:00:00.0
2018-06-02,34.25,2.0,0.260000616312027,-0.06666692346334457,0.0966668464243412,-0.09166654199361801,-0.06666692346334457,-0.17142868041992188,14,10,14,24,33.4,35.4,2018-06-03T05:00:00.0,2018-06-02T06:00:00.0
2018-06-03,33.4,-0.099998474,-0.06666692346334457,0.0,-0.03333346173167229,0.018181540071964264,0.0,-0.10000228881835938,14,10,1,24,33.3,33.6,2018-06-03T13:00:00.0,2018-06-04T02:00:00.0
2018-06-04,33.55,-2.5,0.0,0.1000010147690773,0.05000050738453865,0.07999954372644424,0.1000010147690773,-0.09999847412109375,14,10,1,24,33.4,36.3,2018-06-04T10:00:00.0,2018-06-05T02:00:00.0
2018-06-05,34.95,1.4000015,0.1000010147690773,-0.07499980926513672,0.012500602751970291,-0.040000151842832565,-0.07499980926513672,-0.08571434020996094,14,10,14,24,34.0,35.4,2018-06-06T05:00:00.0,2018-06-05T06:00:00.0
2018-06-06,33.8,0.10000229,-0.07499980926513672,0.0,-0.03749990463256836,0.0,0.0,-0.09999974817037582,14,10,3,24,33.7,33.9,2018-06-06T11:00:00.0,2018-06-06T06:00:00.0
2018-06-07,35.0,1.2999992,0.0,0.0,0.0,-0.125,0.0,-0.16000023484230042,14,10,10,24,34.4,36.2,2018-06-08T01:00:00.0,2018-06-07T08:00:00.0
2018-06-08,35.65,1.0,0.0,-0.08750009536743164,-0.04375004768371582,-0.10000021010637283,-0.08750009536743164,-0.25,14,10,6,24,34.0,36.3,2018-06-09T05:00:00.0,2018-06-08T12:00:00.0
2018-06-09,35.0,1.8999977,-0.08750009536743164,-0.06666692346334457,-0.07708350941538811,-0.11249971389770508,-0.06666692346334457,-0.22857175767421722,14,10,7,24,33.9,36.2,2018-06-10T05:00:00.0,2018-06-09T10:00:00.0
2018-06-10,33.7,0.5999985,-0.06666692346334457,-0.06666628271341324,-0.0666666030883789,0.009090770035982132,-0.06666628271341324,-0.07500076293945312,14,10,4,24,33.2,33.8,2018-06-11T05:00:00.0,2018-06-11T00:00:00.0
2018-06-11,33.0,0.0,-0.06666628271341324,0.0,-0.03333314135670662,0.0,0.0,-0.059999845921993256,14,10,5,24,32.9,33.1,2018-06-11T10:00:00.0,2018-06-12T05:00:00.0
2018-06-12,32.9,0.29999924,0.0,-0.03333282470703125,-0.016666412353515625,0.009090770035982132,-0.03333282470703125,-0.07499980926513672,14,10,4,24,32.7,33.0,2018-06-13T05:00:00.0,2018-06-13T01:00:00.0
2018-06-13,32.5,0.5,-0.03333282470703125,-0.03999938815832138,-0.036666106432676315,0.0,-0.03999938815832138,-0.07499980926513672,14,10,4,24,32.1,32.6,2018-06-14T05:00:00.0,2018-06-14T01:00:00.0
2018-06-14,31.9,0.6000004,-0.03999938815832138,-0.0555555559694767,-0.04777747206389904,0.0,-0.0555555559694767,-0.07499980926513672,14,10,4,24,31.4,32.0,2018-06-15T05:00:00.0,2018-06-14T23:00:00.0
2018-06-15,30.7,0.70000076,-0.0555555559694767,-0.03333282470703125,-0.044444190338253975,0.0,-0.03333282470703125,-0.13999977707862854,14,10,5,24,30.5,31.2,2018-06-16T05:00:00.0,2018-06-15T06:00:00.0
2018-06-16,30.0,0.5,-0.03333282470703125,-0.02500009536743164,-0.029166460037231445,0.0,-0.02500009536743164,-0.125,14,10,4,24,29.8,30.3,2018-06-17T05:00:00.0,2018-06-16T06:00:00.0
2018-06-17,29.5,0.40000153,-0.02500009536743164,-0.01250004768371582,-0.01875007152557373,0.0,-0.01250004768371582,-0.09999974817037582,14,10,3,24,29.3,29.7,2018-06-18T05:00:00.0,2018-06-17T06:00:00.0
2018-06-18,29.0,0.40000153,-0.01250004768371582,0.0,-0.00625002384185791,0.0,0.0,-0.09999990463256836,14,10,4,24,28.8,29.2,2018-06-19T05:00:00.0,2018-06-18T06:00:00.0
2018-06-19,28.8,-0.5,0.0,0.03333282470703125,0.016666412353515625,0.024999618530273438,0.03333282470703125,-0.09999847412109375,14,10,1,24,28.7,29.3,2018-06-19T11:00:00.0,2018-06-20T05:00:00.0
2018-06-20,29.3,0.099998474,0.03333282470703125,-0.012499809265136719,0.010416507720947266,0.0,-0.012499809265136719,-0.09999847412109375,14,10,1,24,29.2,29.3,2018-06-21T05:00:00.0,2018-06-21T00:00:00.0
2018-06-21,29.1,-0.10000038,-0.012499809265136719,0.0,-0.006249904632568359,0.0,0.0,-0.10000038146972656,14,10,1,24,29.1,29.2,2018-06-21T21:00:00.0,2018-06-22T05:00:00.0
2018-06-22,29.4,-0.099998474,0.0,-0.022222306579351425,-0.011111153289675713,0.02500009536743164,-0.022222306579351425,0.0,14,10,0,24,29.2,29.5,2018-06-22T07:00:00.0,2018-06-23T01:00:00.0
2018-06-23,29.05,0.29999924,-0.022222306579351425,0.0,-0.011111153289675713,-0.020000075921416283,0.0,-0.042857032269239426,14,10,7,24,29.0,29.3,2018-06-24T05:00:00.0,2018-06-24T01:00:00.0
2018-06-24,28.95,0.29999924,0.0,-0.03333346173167229,-0.016666730865836143,0.02500009536743164,-0.03333346173167229,0.008333365432918072,14,10,12,24,28.7,29.2,2018-06-25T05:00:00.0,2018-06-24T18:00:00.0
2018-06-25,29.05,-0.29999924,-0.03333346173167229,-0.022222306579351425,-0.027777884155511856,0.040000151842832565,-0.022222306579351425,0.0,14,10,0,24,28.7,29.2,2018-06-25T06:00:00.0,2018-06-26T01:00:00.0
2018-06-26,28.8,-0.10000038,-0.022222306579351425,0.014285768382251263,-0.003968269098550081,0.0,0.014285768382251263,-0.059999845921993256,14,10,5,24,28.7,29.1,2018-06-26T11:00:00.0,2018-06-27T01:00:00.0
2018-06-27,28.7,0.19999886,0.014285768382251263,-0.01250004768371582,0.0008928603492677212,0.0,-0.01250004768371582,-0.09999974817037582,14,10,3,24,28.7,28.9,2018-06-28T05:00:00.0,2018-06-28T02:00:00.0
2018-06-28,28.5,0.10000038,-0.01250004768371582,0.0,-0.00625002384185791,0.0,0.0,-0.10000038146972656,14,10,2,24,28.5,28.6,2018-06-29T05:00:00.0,2018-06-28T06:00:00.0
2018-06-29,28.5,-4.700001,0.0,0.0,0.0,0.0,0.0,0.0,14,10,0,24,28.5,34.7,2018-06-29T17:00:00.0,2018-06-30T01:00:00.0
2018-06-30,34.0,-3.5999985,0.0,0.2428567111492157,0.12142835557460785,-0.10000228881835938,0.2428567111492157,0.021428516134619713,14,10,14,24,33.0,36.6,2018-06-30T06:00:00.0,2018-07-01T05:00:00.0
2018-07-01,34.55,1.199997,0.2428567111492157,0.05000019073486328,0.1464284509420395,-0.13636364042758942,0.05000019073486328,-0.2999996542930603,14,10,9,24,33.9,36.6,2018-07-01T16:00:00.0,2018-07-01T06:00:00.0
2018-07-02,34.3,1.8999977,0.05000019073486328,-0.05000114440917969,-4.76837158203125e-7,-0.10000228881835938,-0.05000114440917969,-0.1071428582072258,14,10,14,24,33.2,35.3,2018-07-03T04:00:00.0,2018-07-02T06:00:00.0
2018-07-03,33.4,0.29999924,-0.05000114440917969,-0.04999987408518791,-0.0500005092471838,0.0,-0.04999987408518791,0.0,14,10,9,24,33.0,33.5,2018-07-04T05:00:00.0,2018-07-03T13:00:00.0
2018-07-04,32.8,0.20000076,-0.04999987408518791,0.0,-0.024999937042593956,0.0,0.0,-0.06666692346334457,14,10,3,24,32.7,32.9,2018-07-05T05:00:00.0,2018-07-04T07:00:00.0
2018-07-05,32.6,-0.5,0.0,-0.125,-0.0625,0.19999980926513672,-0.125,0.12142862379550934,14,10,14,24,32.5,36.1,2018-07-05T13:00:00.0,2018-07-05T17:00:00.0
2018-07-06,32.9,-0.70000076,-0.125,-0.16249990463256836,-0.14374995231628418,0.10000000149011612,-0.16249990463256836,0.1785714328289032,14,10,14,24,32.8,35.7,2018-07-06T14:00:00.0,2018-07-06T18:00:00.0
2018-07-07,33.5,0.29999924,-0.16249990463256836,-0.10000000149011612,-0.13124995306134224,0.0666656494140625,-0.10000000149011612,0.042857032269239426,14,10,14,24,33.2,35.2,2018-07-08T05:00:00.0,2018-07-07T17:00:00.0
2018-07-08,33.0,0.3999977,-0.10000000149011612,-0.016666412353515625,-0.05833320692181587,0.0,-0.016666412353515625,-0.10000038146972656,14,10,2,24,32.7,33.1,2018-07-09T05:00:00.0,2018-07-08T06:00:00.0
2018-07-09,32.5,0.3999977,-0.016666412353515625,-0.049999237060546875,-0.03333282470703125,0.0,-0.049999237060546875,-0.023076863959431648,14,10,13,24,32.2,32.7,2018-07-10T05:00:00.0,2018-07-09T21:00:00.0
2018-07-10,32.4,-0.20000076,-0.049999237060546875,-0.012499809265136719,-0.031249523162841797,0.03333282470703125,-0.012499809265136719,-0.10000228881835938,14,10,1,24,32.1,32.7,2018-07-10T07:00:00.0,2018-07-11T02:00:00.0
2018-07-11,32.4,-1.8999977,-0.012499809265136719,0.1999988555908203,0.0937495231628418,0.0,0.1999988555908203,-0.10000228881835938,14,10,1,24,32.3,35.8,2018-07-11T12:00:00.0,2018-07-12T01:00:00.0
2018-07-12,34.0,0.79999924,0.1999988555908203,-0.0666656494140625,0.0666666030883789,0.0,-0.0666656494140625,-0.03076905384659767,14,10,13,24,33.3,34.3,2018-07-13T05:00:00.0,2018-07-12T12:00:00.0
2018-07-13,33.0,-0.29999924,-0.0666656494140625,-0.1666666716337204,-0.11666616052389145,0.0,-0.1666666716337204,-0.023076863959431648,14,10,13,24,33.0,35.3,2018-07-13T19:00:00.0,2018-07-13T21:00:00.0
2018-07-14,32.8,0.5999985,-0.1666666716337204,0.0,-0.0833333358168602,-0.01999969407916069,0.0,-0.0666666030883789,14,10,12,24,32.7,33.3,2018-07-15T05:00:00.0,2018-07-14T06:00:00.0
2018-07-15,32.9,0.099998474,0.0,-0.02500009536743164,-0.01250004768371582,0.024999618530273438,-0.02500009536743164,0.0071427482180297375,14,10,14,24,32.5,33.0,2018-07-16T05:00:00.0,2018-07-15T17:00:00.0
2018-07-16,32.4,0.30000305,-0.02500009536743164,-0.04999987408518791,-0.037499984726309776,0.0,-0.04999987408518791,-0.09999847412109375,14,10,1,24,32.1,32.6,2018-07-17T05:00:00.0,2018-07-16T23:00:00.0
2018-07-17,31.8,0.5,-0.04999987408518791,-0.03333282470703125,-0.04166634939610958,0.0,-0.03333282470703125,-0.06666628271341324,14,10,6,24,31.5,32.0,2018-07-18T05:00:00.0,2018-07-17T06:00:00.0
2018-07-18,31.1,0.39999962,-0.03333282470703125,-0.03333346173167229,-0.03333314321935177,0.0,-0.03333346173167229,-0.09999990463256836,14,10,4,24,30.9,31.3,2018-07-19T05:00:00.0,2018-07-18T06:00:00.0
2018-07-19,30.3,0.70000076,-0.03333346173167229,-0.042857032269239426,-0.038095247000455856,0.0,-0.042857032269239426,-0.12000007927417755,14,10,5,24,30.0,30.7,2018-07-20T05:00:00.0,2018-07-19T06:00:00.0
2018-07-20,29.6,0.6000004,-0.042857032269239426,-0.016666730865836143,-0.029761881567537785,0.0,-0.016666730865836143,-0.10000000149011612,14,10,5,24,29.3,29.9,2018-07-21T05:00:00.0,2018-07-20T06:00:00.0
2018-07-21,29.0,0.5,-0.016666730865836143,-0.016666730865836143,-0.016666730865836143,0.0,-0.016666730865836143,-0.07999992370605469,14,10,5,24,28.7,29.2,2018-07-22T05:00:00.0,2018-07-21T06:00:00.0
2018-07-22,28.3,0.5,-0.016666730865836143,-0.014285496436059475,-0.01547611365094781,0.0,-0.014285496436059475,-0.10000038146972656,14,10,4,24,28.1,28.6,2018-07-23T05:00:00.0,2018-07-22T06:00:00.0
2018-07-23,27.7,0.39999962,-0.014285496436059475,-0.024999618530273438,-0.019642557483166456,0.0,-0.024999618530273438,-0.09999990463256836,14,10,4,24,27.6,28.0,2018-07-24T05:00:00.0,2018-07-23T06:00:00.0
2018-07-24,27.5,0.30000114,-0.024999618530273438,-0.02500009536743164,-0.02499985694885254,0.0,-0.02500009536743164,-0.10000038146972656,14,10,1,24,27.3,27.6,2018-07-25T05:00:00.0,2018-07-25T00:00:00.0
2018-07-25,26.9,0.5,-0.02500009536743164,-0.022222094237804413,-0.023611094802618027,0.0,-0.022222094237804413,-0.07999992370605469,14,10,5,24,26.7,27.2,2018-07-26T05:00:00.0,2018-07-25T06:00:00.0
2018-07-26,26.1,0.5,-0.022222094237804413,0.0,-0.011111047118902206,-0.028571264818310738,0.0,-0.08571434020996094,14,10,7,24,26.0,26.5,2018-07-27T05:00:00.0,2018-07-26T07:00:00.0
2018-07-27,25.5,0.5,0.0,0.0,0.0,-0.016666730865836143,0.0,-0.0833333358168602,14,10,6,24,25.4,25.9,2018-07-28T05:00:00.0,2018-07-27T06:00:00.0
2018-07-28,25.1,0.29999924,0.0,0.0,0.0,-0.023076863959431648,0.0,-0.039999961853027344,14,10,10,24,25.0,25.3,2018-07-29T05:00:00.0,2018-07-28T07:00:00.0
2018-07-29,24.6,0.5,0.0,-0.011111153289675713,-0.005555576644837856,-0.03333346173167229,-0.011111153289675713,-0.0555555559694767,13,11,9,24,24.4,24.9,2018-07-30T05:00:00.0,2018-07-29T06:00:00.0
2018-07-30,24.0,0.5,-0.011111153289675713,0.0,-0.005555576644837856,-0.03636360168457031,0.0,-0.0625,13,11,8,24,23.8,24.3,2018-07-31T05:00:00.0,2018-07-30T07:00:00.0
2018-07-31,23.4,0.40000153,0.0,0.0,0.0,-0.02613646350800991,0.0,-0.05714280158281326,13,11,7,24,23.3,23.7,2018-08-01T05:00:00.0,2018-07-31T07:00:00.0
2018-08-01,23.0,0.39999962,0.0,0.0,0.0,-0.02613646350800991,0.0,-0.04999995231628418,13,11,8,24,22.9,23.3,2018-08-02T05:00:00.0,2018-08-01T06:00:00.0
2018-08-02,22.5,0.6000004,0.0,0.0,0.0,-0.05000019073486328,0.0,-0.06666670739650726,13,11,9,24,22.2,22.9,2018-08-03T02:00:00.0,2018-08-02T06:00:00.0
2018-08-03,22.0,0.20000076,0.0,0.020000075921416283,0.010000037960708141,-0.03333346173167229,0.020000075921416283,-0.03846153989434242,13,11,13,24,21.8,22.2,2018-08-04T00:00:00.0,2018-08-03T08:00:00.0
2018-08-04,25.2,-2.6000004,0.020000075921416283,-0.042857032269239426,-0.011428478173911572,0.3399999737739563,-0.042857032269239426,0.25833335518836975,13,11,12,24,21.9,27.0,2018-08-04T10:00:00.0,2018-08-04T12:00:00.0
2018-08-05,24.2,1.1000004,-0.042857032269239426,-0.03333346173167229,-0.038095247000455856,-0.060000039637088776,-0.03333346173167229,-0.06666675955057144,13,11,12,24,23.5,24.6,2018-08-06T05:00:00.0,2018-08-05T06:00:00.0
2018-08-06,22.8,1.3999996,-0.03333346173167229,-0.022222306579351425,-0.027777884155511856,-0.09999990463256836,-0.022222306579351425,-0.09230775386095047,13,11,13,24,22.0,23.4,2018-08-07T05:00:00.0,2018-08-06T06:00:00.0
2018-08-07,21.3,0.8999996,-0.022222306579351425,0.0,-0.011111153289675713,-0.07499988749623299,0.0,-0.07692307978868484,13,11,13,24,21.0,21.9,2018-08-08T05:00:00.0,2018-08-07T06:00:00.0
2018-08-08,20.6,0.5,0.0,0.0,0.0,-0.04999995231628418,0.0,-0.060000039637088776,13,11,10,24,20.3,20.9,2018-08-09T02:00:00.0,2018-08-08T07:00:00.0
2018-08-09,19.8,0.79999924,0.0,0.0,0.0,-0.07999992370605469,0.0,-0.07499996572732925,13,11,12,24,19.5,20.4,2018-08-10T03:00:00.0,2018-08-09T06:00:00.0
2018-08-10,19.1,0.8999996,0.0,0.0,0.0,-0.0857142023742199,0.0,-0.08181814849376678,13,11,11,24,18.5,19.6,2018-08-11T00:00:00.0,2018-08-10T06:00:00.0
2018-08-11,18.1,0.80000114,0.0,0.014285496436059475,0.0071427482180297375,-0.08750009536743164,0.014285496436059475,-0.09000015258789062,13,11,10,24,17.7,18.7,2018-08-12T01:00:00.0,2018-08-11T06:00:00.0
2018-08-12,17.3,0.8999996,0.014285496436059475,0.0,0.0071427482180297375,-0.09999958798289299,0.0,-0.10000000149011612,13,11,10,24,16.8,17.9,2018-08-13T00:00:00.0,2018-08-12T07:00:00.0
2018-08-13,19.5,-2.1000004,0.0,-0.016666412353515625,-0.008333206176757812,-0.03750002384185791,-0.016666412353515625,-0.04999995231628418,13,11,8,24,17.1,19.8,2018-08-13T06:00:00.0,2018-08-13T08:00:00.0
2018-08-14,18.6,1.0,-0.016666412353515625,-0.009999847039580345,-0.013333129696547985,-0.05857132375240326,-0.009999847039580345,-0.08000011742115021,13,11,10,24,18.1,19.2,2018-08-15T02:00:00.0,2018-08-14T06:00:00.0
2018-08-15,17.4,0.70000076,-0.009999847039580345,0.0,-0.004999923519790173,-0.10000038146972656,0.0,-0.1076924279332161,13,11,13,24,16.8,18.1,2018-08-15T18:00:00.0,2018-08-15T07:00:00.0
2018-08-16,25.4,-1.2000008,0.0,-0.10000000149011612,-0.05000000074505806,-0.30000050365924835,-0.10000000149011612,-0.5,13,11,11,24,22.3,30.1,2018-08-16T06:00:00.0,2018-08-16T07:00:00.0
2018-08-17,23.5,-0.10000038,-0.10000000149011612,-0.03999977186322212,-0.06999988667666912,0.042857032269239426,-0.03999977186322212,-0.10000038146972656,13,11,2,24,23.3,23.9,2018-08-17T07:00:00.0,2018-08-17T19:00:00.0
2018-08-18,23.1,1.0999985,-0.03999977186322212,-0.06666692346334457,-0.05333334766328335,-0.02500009536743164,-0.06666692346334457,-0.05000000074505806,13,11,10,24,22.2,23.3,2018-08-19T05:00:00.0,2018-08-18T07:00:00.0
2018-08-19,21.5,1.5,-0.06666692346334457,-0.07500004768371582,-0.0708334855735302,-0.05000019073486328,-0.07500004768371582,-0.06923088431358337,13,11,13,24,20.6,22.1,2018-08-20T05:00:00.0,2018-08-19T06:00:00.0
2018-08-20,19.8,1.6000004,-0.07500004768371582,-0.059999845921993256,-0.06749994680285454,-0.06833340600132942,-0.059999845921993256,-0.08461541682481766,13,11,13,24,18.9,20.5,2018-08-21T05:00:00.0,2018-08-20T06:00:00.0
2018-08-21,18.0,1.2999992,-0.059999845921993256,-0.016666730865836143,-0.0383332883939147,-0.0999998040497303,-0.016666730865836143,-0.09999990463256836,13,11,12,24,17.5,18.8,2018-08-22T05:00:00.0,2018-08-21T06:00:00.0
2018-08-22,16.7,1.0,-0.016666730865836143,0.0,-0.008333365432918072,-0.09999974817037582,0.0,-0.10000003129243851,13,11,11,24,16.3,17.5,2018-08-23T02:00:00.0,2018-08-22T06:00:00.0
2018-08-23,15.8,0.8999996,0.0,0.0,0.0,-0.09999990463256836,0.0,-0.09166669845581055,13,11,12,24,15.3,16.5,2018-08-24T02:00:00.0,2018-08-23T06:00:00.0
2018-08-24,15.1,0.70000076,0.0,0.011111047118902206,0.005555523559451103,-0.07500004768371582,0.011111047118902206,-0.08000002056360245,13,11,10,24,14.7,15.6,2018-08-25T00:00:00.0,2018-08-24T07:00:00.0
2018-08-25,14.9,-0.40000057,0.011111047118902206,0.02857140079140663,0.01984122395515442,0.0,0.02857140079140663,-0.09999942779541016,13,11,1,24,14.8,15.3,2018-08-25T11:00:00.0,2018-08-26T05:00:00.0
2018-08-26,15.2,0.0,0.02857140079140663,0.02499997615814209,0.02678568847477436,-0.01999988593161106,0.02499997615814209,-0.039999961853027344,13,11,5,24,15.0,15.3,2018-08-27T00:00:00.0,2018-08-27T05:00:00.0
2018-08-27,14.8,0.3000002,0.02499997615814209,0.0,0.012499988079071045,-0.05000000074505806,0.0,-0.060000039637088776,13,11,10,24,14.7,15.2,2018-08-28T02:00:00.0,2018-08-27T08:00:00.0
2018-08-28,14.5,0.39999962,0.0,0.014285632409155369,0.007142816204577684,-0.057142870500683784,0.014285632409155369,-0.06999997794628143,13,11,10,24,14.2,15.0,2018-08-29T00:00:00.0,2018-08-28T06:00:00.0
2018-08-29,14.1,-0.09999943,0.014285632409155369,0.05000003054738045,0.03214283147826791,-0.05634917877614498,0.05000003054738045,-0.08571434020996094,13,11,7,24,14.0,14.7,2018-08-29T16:00:00.0,2018-08-30T05:00:00.0
2018-08-30,15.6,NaN,0.05000003054738045,0.02250008564442396,0.036250058095902205,0.01666657067835331,0.02250008564442396,0.0,13,11,0,24,15.2,18.1,2018-08-30T06:00:00.0,2018-08-31T02:00:00.0
2018-08-31,19.3,NaN,0.02250008564442396,-0.07777786254882812,-0.02763888845220208,-0.05000019073486328,-0.07777786254882812,-0.06999988853931427,13,11,10,24,18.2,19.8,2018-09-01T05:00:00.0,2018-08-31T08:00:00.0
2018-09-01,17.5,0.8999996,-0.07777786254882812,-0.028571264818310738,-0.05317456368356943,-0.03333346173167229,-0.028571264818310738,-0.07272737473249435,13,11,11,24,17.1,18.0,2018-09-02T05:00:00.0,2018-09-01T06:00:00.0
2018-09-02,16.6,0.79999924,-0.028571264818310738,-0.022222094237804413,-0.025396679528057575,-0.036931753158569336,-0.022222094237804413,-0.058333396911621094,13,12,12,25,16.1,16.9,2018-09-03T06:00:00.0,2018-09-02T06:00:00.0
2018-09-03,15.9,0.40000057,-0.022222094237804413,0.0,-0.011111047118902206,-0.02857146877795458,0.0,-0.04285717010498047,12,12,7,24,15.7,16.1,2018-09-04T06:00:00.0,2018-09-03T08:00:00.0
2018-09-04,14.95,0.8000002,0.0,0.026785748079419136,0.013392874039709568,-0.09999942779541016,0.026785748079419136,-0.09999994933605194,12,12,11,24,14.5,15.6,2018-09-05T00:00:00.0,2018-09-04T07:00:00.0
2018-09-05,14.3,0.5,0.026785748079419136,0.0,0.013392874039709568,-0.07071427628397942,0.0,-0.07272729277610779,12,12,11,24,14.0,14.7,2018-09-06T03:00:00.0,2018-09-05T08:00:00.0
2018-09-06,13.95,0.39999962,0.0,0.0045454720966517925,0.0022727360483258963,-0.044444454833865166,0.0045454720966517925,-0.05000000074505806,12,12,10,24,13.6,14.2,2018-09-07T01:00:00.0,2018-09-06T08:00:00.0
2018-09-07,13.5,0.0,0.0045454720966517925,0.028636381961405277,0.016590927029028535,-0.033333221450448036,0.028636381961405277,-0.05000007152557373,12,12,8,24,13.3,13.7,2018-09-08T00:00:00.0,2018-09-08T06:00:00.0
2018-09-08,13.25,0.19999981,0.028636381961405277,0.04999983310699463,0.03931810753419995,-0.0714285746216774,0.04999983310699463,-0.07777775824069977,12,12,9,24,13.0,13.7,2018-09-09T00:00:00.0,2018-09-08T08:00:00.0
2018-09-09,13.1,0.6000004,0.04999983310699463,0.013392908032983541,0.031696370569989085,-0.0630682148039341,0.013392908032983541,-0.0700000748038292,12,12,10,24,12.8,13.6,2018-09-10T00:00:00.0,2018-09-09T07:00:00.0
2018-09-10,12.9,-0.10000038,0.013392908032983541,0.0354167427867651,0.02440482540987432,-0.0279220724478364,0.0354167427867651,-0.04285717010498047,12,12,7,24,12.7,13.1,2018-09-11T01:00:00.0,2018-09-11T06:00:00.0
2018-09-11,12.95,0.10000038,0.0354167427867651,0.031666580587625504,0.0335416616871953,-0.03874999284744263,0.031666580587625504,-0.05714280158281326,12,12,7,24,12.7,13.2,2018-09-12T00:00:00.0,2018-09-11T08:00:00.0
2018-09-12,12.75,0.0,0.031666580587625504,0.024999916553497314,0.02833324857056141,-0.039999961853027344,0.024999916553497314,-0.04999995231628418,12,12,8,24,12.6,13.0,2018-09-13T01:00:00.0,2018-09-13T06:00:00.0
2018-09-13,12.6,0.10000038,0.024999916553497314,0.029166724532842636,0.027083320543169975,-0.05000019073486328,0.029166724532842636,-0.060000039637088776,12,12,10,24,12.4,13.0,2018-09-14T02:00:00.0,2018-09-13T07:00:00.0
2018-09-14,12.4,0.19999981,0.029166724532842636,0.03333346173167229,0.03125009313225746,-0.060000039637088776,0.03333346173167229,-0.06363634765148163,12,12,11,24,12.2,12.9,2018-09-15T01:00:00.0,2018-09-14T07:00:00.0
2018-09-15,12.2,0.39999962,0.03333346173167229,0.03333335369825363,0.03333340771496296,-0.059999991208314896,0.03333335369825363,-0.06363634765148163,12,12,11,24,12.0,12.7,2018-09-16T01:00:00.0,2018-09-15T07:00:00.0
2018-09-16,12.1,-0.09999943,0.03333335369825363,0.02500009536743164,0.029166724532842636,-0.02500009536743164,0.02500009536743164,-0.04285717010498047,12,12,7,24,12.0,12.4,2018-09-17T01:00:00.0,2018-09-17T06:00:00.0
2018-09-17,12.05,-12.800001,0.02500009536743164,-0.4874999523162842,-0.23124992847442627,-0.04999997653067112,-0.4874999523162842,-0.0625,12,12,8,24,11.9,32.4,2018-09-17T17:00:00.0,2018-09-17T19:00:00.0
2018-09-18,24.4,1.6000004,-0.4874999523162842,-0.07321419194340706,-0.2803570721298456,-0.06833340600132942,-0.07321419194340706,-0.09166669845581055,12,12,12,24,23.3,25.0,2018-09-19T05:00:00.0,2018-09-18T07:00:00.0
2018-09-19,24.349998,1.7999992,-0.07321419194340706,-0.07999992370605469,-0.07660705782473087,-0.07999992370605469,-0.07999992370605469,-0.07999992370605469,12,12,10,24,23.0,24.8,2018-09-20T06:00:00.0,2018-09-19T08:00:00.0
2018-09-20,23.05,-2.7000008,-0.07999992370605469,-0.21714289486408234,-0.1485714092850685,0.20000028610229492,-0.21714289486408234,0.4833332598209381,12,12,12,24,22.6,30.8,2018-09-20T10:00:00.0,2018-09-20T16:00:00.0
2018-09-21,24.8,1.8999996,-0.21714289486408234,-0.10000024363398552,-0.15857156924903393,-0.042857032269239426,-0.10000024363398552,-0.0899999588727951,12,12,10,24,23.4,25.3,2018-09-22T06:00:00.0,2018-09-21T07:00:00.0
2018-09-22,23.1,0.69999886,-0.10000024363398552,-0.040000056847929955,-0.07000015024095774,0.0,-0.040000056847929955,-0.09999974817037582,12,12,3,24,22.6,23.3,2018-09-23T06:00:00.0,2018-09-22T07:00:00.0
2018-09-23,22.3,1.3999996,-0.040000056847929955,-0.10000022128224373,-0.07000013906508684,0.0,-0.10000022128224373,-0.07500028610229492,12,12,4,24,21.1,22.5,2018-09-24T06:00:00.0,2018-09-23T07:00:00.0
2018-09-24,20.4,0.69999886,-0.10000022128224373,0.0,-0.050000110641121864,-0.018333403393626213,0.0,-0.11666679382324219,12,12,6,24,20.1,20.8,2018-09-25T06:00:00.0,2018-09-24T07:00:00.0
2018-09-25,19.7,0.29999924,0.0,-0.010555595625191927,-0.0052777978125959635,0.0,-0.010555595625191927,-0.04444440081715584,12,12,9,24,19.6,19.9,2018-09-26T06:00:00.0,2018-09-25T07:00:00.0
2018-09-26,19.75,0.30000114,-0.010555595625191927,-0.03166637383401394,-0.021110984729602933,0.014285496436059475,-0.03166637383401394,-0.10000038146972656,12,12,1,24,19.3,19.9,2018-09-27T06:00:00.0,2018-09-27T02:00:00.0
2018-09-27,19.1,0.9000015,-0.03166637383401394,-0.060000134631991386,-0.04583325423300266,0.0,-0.060000134631991386,-0.09999942779541016,12,12,2,24,18.3,19.2,2018-09-28T06:00:00.0,2018-09-27T07:00:00.0
2018-09-28,18.1,1.0,-0.060000134631991386,-0.06306812912225723,-0.06153413187712431,-0.016666730865836143,-0.06306812912225723,-0.09999942779541016,12,12,2,24,17.2,18.2,2018-09-29T06:00:00.0,2018-09-28T07:00:00.0
2018-09-29,16.75,0.80000114,-0.06306812912225723,-0.011111153289675713,-0.03708964120596647,-0.03999977186322212,-0.011111153289675713,-0.060000039637088776,12,12,10,24,16.3,17.1,2018-09-30T06:00:00.0,2018-09-29T07:00:00.0
2018-09-30,15.85,0.70000076,-0.011111153289675713,-0.01339278044179082,-0.012251966865733266,-0.04444450885057449,-0.01339278044179082,-0.05454540252685547,12,12,11,24,15.5,16.2,2018-10-01T06:00:00.0,2018-09-30T07:00:00.0
2018-10-01,15.1,0.5,-0.01339278044179082,0.009999990463256836,-0.0016963949892669916,-0.05000003054738045,0.009999990463256836,-0.060000039637088776,12,12,10,24,14.8,15.4,2018-10-02T01:00:00.0,2018-10-01T08:00:00.0
2018-10-02,14.45,0.39999962,0.009999990463256836,0.03874993324279785,0.024374961853027344,-0.0714285746216774,0.03874993324279785,-0.07777775824069977,12,12,9,24,14.1,14.9,2018-10-03T01:00:00.0,2018-10-02T07:00:00.0
2018-10-03,14.0,0.39999962,0.03874993324279785,0.008333285339176655,0.023541609290987253,-0.0625,0.008333285339176655,-0.06999997794628143,12,12,10,24,13.6,14.4,2018-10-04T00:00:00.0,2018-10-03T08:00:00.0
2018-10-04,13.55,0.19999981,0.008333285339176655,0.041428565979003906,0.02488092565909028,-0.060000039637088776,0.041428565979003906,-0.06363634765148163,12,12,11,24,13.3,14.0,2018-10-05T01:00:00.0,2018-10-04T07:00:00.0
2018-10-05,13.35,0.3000002,0.041428565979003906,0.041428565979003906,0.041428565979003906,-0.0833333358168602,0.041428565979003906,-0.08888891339302063,12,12,9,24,13.0,13.8,2018-10-06T01:00:00.0,2018-10-05T08:00:00.0
2018-10-06,13.0,0.3000002,0.041428565979003906,0.041428614407777786,0.041428590193390846,-0.0666666030883789,0.041428614407777786,-0.07777775824069977,12,12,9,24,12.7,13.5,2018-10-07T01:00:00.0,2018-10-06T07:00:00.0
2018-10-07,12.85,0.19999981,0.041428614407777786,0.031666532158851624,0.036547573283314705,-0.0555555559694767,0.031666532158851624,-0.059999942779541016,12,12,10,24,12.5,13.2,2018-10-07T23:00:00.0,2018-10-07T07:00:00.0
2018-10-08,12.7,0.39999962,0.031666532158851624,0.0,0.015833266079425812,-0.05000019073486328,0.0,-0.0625,11,13,8,24,12.4,13.0,2018-10-09T03:00:00.0,2018-10-08T08:00:00.0
2018-10-09,12.6,-0.39999962,0.0,0.0279220724478364,0.0139610362239182,0.0,0.0279220724478364,-0.03333346173167229,11,13,3,24,12.5,13.0,2018-10-09T11:00:00.0,2018-10-10T06:00:00.0
2018-10-10,12.8,-0.19999981,0.0279220724478364,0.03166666068136692,0.02979436656460166,-0.02500009536743164,0.03166666068136692,-0.07500004768371582,11,13,4,24,12.7,13.2,2018-10-11T00:00:00.0,2018-10-11T06:00:00.0
2018-10-11,12.8,0.3000002,0.03166666068136692,0.0,0.01583333034068346,-0.05000019073486328,0.0,-0.0714285746216774,11,13,7,24,12.6,13.2,2018-10-12T04:00:00.0,2018-10-11T07:00:00.0
2018-10-12,12.7,0.19999981,0.0,0.013392908032983541,0.006696454016491771,-0.05000019073486328,0.013392908032983541,-0.0625,11,13,8,24,12.4,13.0,2018-10-13T02:00:00.0,2018-10-12T07:00:00.0
2018-10-13,12.5,-19.3,0.013392908032983541,2.0149999856948853,1.0141964468639344,-0.04285717010498047,2.0149999856948853,-0.05000007152557373,11,13,8,24,12.4,32.6,2018-10-13T19:00:00.0,2018-10-14T04:00:00.0
2018-10-14,31.0,4.700001,2.0149999856948853,-0.13333336263895035,0.9408333115279675,-0.5200001001358032,-0.13333336263895035,-0.3363635241985321,11,13,11,24,26.4,32.7,2018-10-15T06:00:00.0,2018-10-14T09:00:00.0
2018-10-15,25.7,1.7000008,-0.13333336263895035,-0.0666666030883789,-0.09999998286366463,-0.07777786254882812,-0.0666666030883789,-0.09090909361839294,11,13,11,24,24.5,26.2,2018-10-16T06:00:00.0,2018-10-15T07:00:00.0
2018-10-16,24.2,1.3999996,-0.0666666030883789,-0.08090903609991074,-0.07378781959414482,-0.02499985694885254,-0.08090903609991074,-0.039999961853027344,11,13,10,24,23.0,24.4,2018-10-17T06:00:00.0,2018-10-16T07:00:00.0
2018-10-17,22.6,1.0999985,-0.08090903609991074,-0.05773801915347576,-0.06932352762669325,-0.022222306579351425,-0.05773801915347576,-0.0625,11,13,8,24,21.7,22.8,2018-10-18T06:00:00.0,2018-10-17T07:00:00.0
2018-10-18,21.5,0.8999996,-0.05773801915347576,-0.05000009573996067,-0.053869057446718216,-0.016666730865836143,-0.05000009573996067,-0.03333346173167229,11,13,9,24,20.7,21.6,2018-10-19T06:00:00.0,2018-10-18T08:00:00.0
2018-10-19,20.5,0.30000114,-0.05000009573996067,0.0,-0.025000047869980335,-0.016666730865836143,0.0,-0.04285730794072151,11,13,7,24,20.3,20.6,2018-10-20T06:00:00.0,2018-10-19T07:00:00.0
2018-10-20,20.4,-2.4000015,0.0,0.08920459449291229,0.044602297246456146,0.03333346173167229,0.08920459449291229,0.0,11,13,0,24,20.3,22.7,2018-10-20T09:00:00.0,2018-10-21T06:00:00.0
2018-10-21,30.5,-1.7999992,0.08920459449291229,-0.17638900876045227,-0.04359220713376999,-0.028571264818310738,-0.17638900876045227,-0.2833334505558014,11,13,6,24,25.7,31.6,2018-10-21T07:00:00.0,2018-10-21T11:00:00.0
2018-10-22,26.9,2.1000004,-0.17638900876045227,-0.09999987110495567,-0.13819443993270397,-0.0714285746216774,-0.09999987110495567,-0.0899999588727951,11,13,10,24,25.3,27.4,2018-10-23T06:00:00.0,2018-10-22T07:00:00.0
2018-10-23,24.9,1.2000008,-0.09999987110495567,-0.06306812912225723,-0.08153400011360645,-0.022222306579351425,-0.06306812912225723,-0.0625,11,13,8,24,23.9,25.1,2018-10-24T06:00:00.0,2018-10-23T07:00:00.0
2018-10-24,23.6,-0.40000153,-0.06306812912225723,0.060000039637088776,-0.0015340447425842285,0.0,0.060000039637088776,-0.14999961853027344,11,13,2,24,23.6,24.2,2018-10-24T23:00:00.0,2018-10-25T06:00:00.0
2018-10-25,24.6,0.20000076,0.060000039637088776,-0.0724998489022255,-0.006249904632568359,0.07777765393257141,-0.0724998489022255,0.0,11,13,0,24,24.0,24.9,2018-10-26T06:00:00.0,2018-10-25T23:00:00.0
2018-10-26,23.6,1.2999992,-0.0724998489022255,-0.08166662976145744,-0.07708323933184147,-0.016666730865836143,-0.08166662976145744,-0.05000000074505806,11,13,10,24,22.5,23.8,2018-10-27T06:00:00.0,2018-10-26T07:00:00.0
2018-10-27,22.2,1.0,-0.08166662976145744,-0.05227283947169781,-0.06696973461657763,-0.016666730865836143,-0.05227283947169781,-0.039999961853027344,11,13,10,24,21.4,22.4,2018-10-28T06:00:00.0,2018-10-27T07:00:00.0
2018-10-28,21.0,NaN,-0.05227283947169781,-0.041428497061133385,-0.046850668266415596,-0.02500009536743164,-0.041428497061133385,-0.0714285746216774,11,13,7,24,20.4,21.2,2018-10-29T05:00:00.0,2018-10-28T07:00:00.0
2018-10-29,19.7,NaN,-0.041428497061133385,-0.040000056847929955,-0.04071427695453167,0.0,-0.040000056847929955,-0.09999847412109375,11,13,1,24,19.1,19.8,2018-10-30T06:00:00.0,2018-10-29T09:00:00.0
2018-10-30,18.6,1.0,-0.040000056847929955,-0.047726891934871674,-0.043863474391400814,-0.033333249390125275,-0.047726891934871674,-0.06666670739650726,11,13,9,24,17.9,18.9,2018-10-31T06:00:00.0,2018-10-30T07:00:00.0
2018-10-31,17.6,0.5,-0.047726891934871674,-0.022222306579351425,-0.03497459925711155,0.0,-0.022222306579351425,-0.07499980926513672,11,13,4,24,17.3,17.8,2018-11-01T06:00:00.0,2018-10-31T07:00:00.0
2018-11-01,17.0,0.40000153,-0.022222306579351425,0.0,-0.011111153289675713,-0.02500009536743164,0.0,-0.039999961853027344,11,13,10,24,16.8,17.2,2018-11-02T06:00:00.0,2018-11-01T07:00:00.0
2018-11-02,16.6,0.40000153,0.0,-0.016666730865836143,-0.008333365432918072,-0.010000037960708141,-0.016666730865836143,-0.03999977186322212,11,13,5,24,16.3,16.7,2018-11-03T06:00:00.0,2018-11-02T10:00:00.0
2018-11-03,16.2,0.20000076,-0.016666730865836143,0.0,-0.008333365432918072,-0.011111153289675713,0.0,-0.028571264818310738,11,13,7,24,16.0,16.2,2018-11-04T06:00:00.0,2018-11-03T12:00:00.0
2018-11-04,15.9,0.19999981,0.0,0.0,0.0,-0.01999988593161106,0.0,-0.03333330154418945,11,13,6,24,15.7,16.0,2018-11-04T22:00:00.0,2018-11-04T08:00:00.0
2018-11-05,15.7,0.10000038,0.0,0.0,0.0,-0.011111153289675713,0.0,-0.10000038146972656,11,13,1,24,15.7,15.8,2018-11-06T06:00:00.0,2018-11-05T11:00:00.0
2018-11-06,15.7,-9.400001,0.0,-0.4342857003211975,-0.21714285016059875,0.8500000238418579,-0.4342857003211975,-0.09999942779541016,11,13,1,24,15.6,30.2,2018-11-06T13:00:00.0,2018-11-06T19:00:00.0
2018-11-07,32.7,-5.700001,-0.4342857003211975,-0.09999987483024597,-0.26714278757572174,0.3250000476837158,-0.09999987483024597,0.6909091472625732,11,13,11,24,24.9,33.3,2018-11-07T08:00:00.0,2018-11-07T10:00:00.0
2018-11-08,29.2,2.7999992,-0.09999987483024597,-0.07499980926513672,-0.08749984204769135,-0.14999961853027344,-0.07499980926513672,-0.19090913236141205,11,13,11,24,27.5,30.3,2018-11-09T06:00:00.0,2018-11-08T07:00:00.0
2018-11-09,27.2,0.20000076,-0.07499980926513672,-0.02500009536743164,-0.04999995231628418,-0.04999995231628418,-0.02500009536743164,-0.0555555559694767,11,13,9,24,26.6,27.5,2018-11-10T04:00:00.0,2018-11-09T07:00:00.0
2018-11-10,31.3,-3.2000008,-0.02500009536743164,-0.17638900876045227,-0.10069455206394196,0.5142857432365417,-0.17638900876045227,0.4571426808834076,11,13,7,24,27.9,33.5,2018-11-10T07:00:00.0,2018-11-10T22:00:00.0
2018-11-11,30.7,1.1999989,-0.17638900876045227,-0.059999845921993256,-0.11819442734122276,-0.04999971389770508,-0.059999845921993256,-0.0714285746216774,11,13,7,24,29.7,31.0,2018-11-12T06:00:00.0,2018-11-11T09:00:00.0
2018-11-12,29.4,0.8999996,-0.059999845921993256,-0.040000151842832565,-0.04999999888241291,-0.039999961853027344,-0.040000151842832565,-0.04545454680919647,11,13,11,24,28.7,29.6,2018-11-13T06:00:00.0,2018-11-12T08:00:00.0
2018-11-13,28.6,-2.0,-0.040000151842832565,0.0,-0.020000075921416283,0.0,0.0,-0.05000019073486328,11,14,4,25,28.5,30.6,2018-11-14T05:00:00.0,2018-11-14T07:00:00.0
2018-11-14,32.75,1.6000004,0.0,-0.11428587883710861,-0.057142939418554306,-0.06666692346334457,-0.11428587883710861,-0.08750009536743164,10,14,8,24,31.6,33.2,2018-11-15T07:00:00.0,2018-11-14T09:00:00.0
2018-11-15,31.0,1.2000008,-0.11428587883710861,-0.020000075921416283,-0.06714297737926245,-0.07500028610229492,-0.020000075921416283,-0.0899999588727951,10,14,10,24,30.2,31.5,2018-11-16T02:00:00.0,2018-11-15T08:00:00.0
2018-11-16,30.1,0.69999886,-0.020000075921416283,-0.027272658422589302,-0.023636367172002792,-0.040000151842832565,-0.027272658422589302,-0.04444440081715584,10,14,9,24,29.6,30.3,2018-11-17T07:00:00.0,2018-11-16T08:00:00.0
2018-11-17,29.75,-2.999998,-0.027272658422589302,0.28999996185302734,0.13136365171521902,0.05714280158281326,0.28999996185302734,0.0,10,14,0,24,29.6,35.1,2018-11-17T11:00:00.0,2018-11-18T02:00:00.0
2018-11-18,31.6,2.0999985,0.28999996185302734,-0.0666666030883789,0.11166667938232422,-0.13999977707862854,-0.0666666030883789,-0.15555530786514282,10,14,9,24,30.2,32.3,2018-11-19T07:00:00.0,2018-11-18T08:00:00.0
2018-11-19,30.05,0.5,-0.0666666030883789,-0.03749990463256836,-0.05208325386047363,-0.01250004768371582,-0.03749990463256836,-0.03333346173167229,10,14,6,24,29.5,30.1,2018-11-20T06:00:00.0,2018-11-19T12:00:00.0
2018-11-20,33.35,-2.0,-0.03749990463256836,-0.16666698455810547,-0.10208344459533691,0.3142858147621155,-0.16666698455810547,-0.10000000149011612,10,14,5,24,29.6,33.8,2018-11-20T09:00:00.0,2018-11-20T11:00:00.0
2018-11-21,31.150002,1.2999992,-0.16666698455810547,-0.05000019073486328,-0.10833358764648438,-0.06666692346334457,-0.05000019073486328,-0.07777786254882812,10,14,9,24,30.2,31.5,2018-11-22T07:00:00.0,2018-11-21T08:00:00.0
2018-11-22,30.1,0.6000004,-0.05000019073486328,-0.02499985694885254,-0.03750002384185791,-0.014285768382251263,-0.02499985694885254,-0.028571536764502525,10,14,7,24,29.5,30.2,2018-11-23T07:00:00.0,2018-11-22T11:00:00.0
2018-11-23,29.5,0.29999924,-0.02499985694885254,-0.024999618530273438,-0.02499973773956299,0.0,-0.024999618530273438,-0.10000038146972656,10,14,1,24,29.2,29.6,2018-11-24T07:00:00.0,2018-11-23T15:00:00.0
2018-11-24,29.55,-0.10000038,-0.024999618530273438,-0.01818188838660717,-0.021590753458440304,0.05000019073486328,-0.01818188838660717,0.0,10,14,0,24,29.3,29.7,2018-11-24T09:00:00.0,2018-11-25T01:00:00.0
2018-11-25,29.5,0.29999924,-0.01818188838660717,-0.02500009536743164,-0.021590991877019405,0.01250004768371582,-0.02500009536743164,0.0,10,14,0,24,29.1,29.5,2018-11-26T07:00:00.0,2018-11-26T01:00:00.0
2018-11-26,29.150002,0.20000076,-0.02500009536743164,-0.017424309626221657,-0.02121220249682665,0.01250004768371582,-0.017424309626221657,0.0,10,14,0,24,28.9,29.2,2018-11-27T07:00:00.0,2018-11-26T19:00:00.0
2018-11-27,28.9,0.10000038,-0.017424309626221657,-0.011111153289675713,-0.014267731457948685,0.01250004768371582,-0.011111153289675713,0.0,10,14,0,24,28.8,29.0,2018-11-28T07:00:00.0,2018-11-27T18:00:00.0
2018-11-28,28.8,0.19999886,-0.011111153289675713,-0.014285496436059475,-0.012698324862867594,0.0,-0.014285496436059475,0.0,10,14,0,24,28.6,28.8,2018-11-29T07:00:00.0,2018-11-29T01:00:00.0
2018-11-29,28.7,0.10000038,-0.014285496436059475,-0.01250004768371582,-0.013392772059887648,0.0,-0.01250004768371582,0.0,10,14,0,24,28.5,28.7,2018-11-30T07:00:00.0,2018-11-29T19:00:00.0
2018-11-30,28.4,0.10000038,-0.01250004768371582,-0.01250004768371582,-0.01250004768371582,0.0,-0.01250004768371582,-0.10000038146972656,10,14,1,24,28.3,28.5,2018-12-01T07:00:00.0,2018-12-01T01:00:00.0
2018-12-01,28.3,-5.9000015,-0.01250004768371582,0.5363637804985046,0.2619318664073944,0.0,0.5363637804985046,0.0,10,14,0,24,28.3,35.5,2018-12-02T00:00:00.0,2018-12-02T02:00:00.0
2018-12-02,32.85,1.6000023,0.5363637804985046,-0.040000151842832565,0.24818181432783604,-0.15714263916015625,-0.040000151842832565,-0.1799999177455902,10,14,10,24,32.3,33.9,2018-12-03T07:00:00.0,2018-12-02T08:00:00.0
2018-12-03,32.1,-2.2000008,-0.040000151842832565,0.0700000748038292,0.014999961480498314,0.0,0.0700000748038292,-0.033333249390125275,10,14,9,24,32.0,34.6,2018-12-03T16:00:00.0,2018-12-03T22:00:00.0
2018-12-04,33.6,2.3999996,0.0700000748038292,-0.05714307352900505,0.006428500637412071,-0.1666666716337204,-0.05714307352900505,-0.16000023484230042,10,14,10,24,31.9,34.3,2018-12-05T07:00:00.0,2018-12-04T08:00:00.0
2018-12-05,32.3,-3.5,-0.05714307352900505,0.1700000762939453,0.05642850138247013,0.31666693091392517,0.1700000762939453,0.21999987959861755,10,14,10,24,31.8,35.9,2018-12-05T11:00:00.0,2018-12-06T04:00:00.0
2018-12-06,34.95,-0.29999924,0.1700000762939453,0.016666412353515625,0.09333324432373047,-0.022222306579351425,0.016666412353515625,-0.044444188475608826,10,14,9,24,34.7,35.7,2018-12-06T12:00:00.0,2018-12-07T06:00:00.0
2018-12-07,35.0,-1.0,0.016666412353515625,0.17499955743551254,0.09583298489451408,-0.2400001585483551,0.17499955743551254,-0.20000021159648895,10,14,7,24,34.1,36.3,2018-12-07T14:00:00.0,2018-12-08T07:00:00.0
2018-12-08,35.8,2.5,0.17499955743551254,-0.17638911306858063,-0.0006947778165340424,-0.07500028610229492,-0.17638911306858063,NaN,10,14,7,24,33.9,36.5,2018-12-09T07:00:00.0,2018-12-08T18:00:00.0
2018-12-09,34.0,NaN,-0.17638911306858063,-0.05000114440917969,-0.11319512873888016,0.0,-0.05000114440917969,NaN,10,14,10,24,33.3,36.6,2018-12-10T04:00:00.0,2018-12-10T06:00:00.0
2018-12-10,36.3,3.6000023,-0.05000114440917969,-0.1428571492433548,-0.09642914682626724,-0.14444436132907867,-0.1428571492433548,NaN,10,14,9,24,33.1,36.7,2018-12-11T07:00:00.0,2018-12-10T08:00:00.0
2018-12-11,32.7,1.2000008,-0.1428571492433548,-0.05000019073486328,-0.09642866998910904,-0.05000019073486328,-0.05000019073486328,NaN,10,14,10,24,31.8,33.0,2018-12-12T07:00:00.0,2018-12-11T08:00:00.0
2018-12-12,31.7,0.5999985,-0.05000019073486328,-0.02500009536743164,-0.03750014305114746,-0.02499985694885254,-0.02500009536743164,NaN,10,14,6,24,31.2,31.8,2018-12-13T07:00:00.0,2018-12-12T09:00:00.0
2018-12-13,31.1,0.40000153,-0.02500009536743164,0.0,-0.01250004768371582,0.0,0.0,-0.10000038146972656,10,14,1,24,30.8,31.2,2018-12-14T07:00:00.0,2018-12-13T09:00:00.0
2018-12-14,30.7,-4.299999,0.0,0.04642813466489315,0.023214067332446575,0.0,0.04642813466489315,-0.09999847412109375,10,14,1,24,30.7,35.0,2018-12-15T01:00:00.0,2018-12-15T07:00:00.0
2018-12-15,34.9,2.199997,0.04642813466489315,-0.10000038146972656,-0.026786123402416706,-0.09444363787770271,-0.10000038146972656,NaN,10,14,9,24,32.9,35.1,2018-12-16T07:00:00.0,2018-12-15T08:00:00.0
2018-12-16,32.55,0.79999924,-0.10000038146972656,-0.0333336740732193,-0.06666702777147293,-0.03333303704857826,-0.0333336740732193,-0.07500076293945312,10,14,4,24,32.0,32.8,2018-12-17T07:00:00.0,2018-12-16T08:00:00.0
2018-12-17,31.8,0.5,-0.0333336740732193,0.0,-0.01666683703660965,-0.03333346173167229,0.0,-0.07777786254882812,10,14,9,24,31.2,32.0,2018-12-18T02:00:00.0,2018-12-17T08:00:00.0
2018-12-18,31.4,0.19999886,0.0,-0.008012698264792562,-0.004006349132396281,0.0,-0.008012698264792562,-0.10000038146972656,10,14,1,24,31.2,31.4,2018-12-19T07:00:00.0,2018-12-18T17:00:00.0
2018-12-19,31.1,-2.5999985,-0.008012698264792562,-0.14999961853027344,-0.079006158397533,0.0,-0.14999961853027344,-0.10000038146972656,10,14,1,24,31.1,35.4,2018-12-19T15:00:00.0,2018-12-19T23:00:00.0
2018-12-20,33.15,1.0,-0.14999961853027344,0.0,-0.07499980926513672,-0.09999847412109375,0.0,-0.09999974817037582,10,14,9,24,32.6,33.7,2018-12-20T22:00:00.0,2018-12-20T08:00:00.0
2018-12-21,32.55,-1.1000023,0.0,-0.11000023037195206,-0.05500011518597603,0.09999847412109375,-0.11000023037195206,-0.07499980926513672,10,14,4,24,32.4,35.2,2018-12-21T12:00:00.0,2018-12-21T18:00:00.0
2018-12-22,33.3,1.0999985,-0.11000023037195206,-0.059999845921993256,-0.08500003814697266,-0.014286041259765625,-0.059999845921993256,-0.10000038146972656,10,14,6,24,32.4,33.5,2018-12-23T07:00:00.0,2018-12-22T08:00:00.0
2018-12-23,32.2,0.9000015,-0.059999845921993256,-0.03749990463256836,-0.04874987527728081,-0.033334095031023026,-0.03749990463256836,-0.05000050738453865,10,14,6,24,31.5,32.4,2018-12-24T07:00:00.0,2018-12-23T09:00:00.0
2018-12-24,31.4,0.29999924,-0.03749990463256836,-0.01055539445951581,-0.024027649546042085,-0.01250004768371582,-0.01055539445951581,-0.10000038146972656,10,14,1,24,31.2,31.5,2018-12-25T07:00:00.0,2018-12-24T11:00:00.0
2018-12-25,31.2,0.10000038,-0.01055539445951581,0.0,-0.005277697229757905,0.0,0.0,-0.10000038146972656,10,14,1,24,31.1,31.2,2018-12-26T07:00:00.0,2018-12-25T16:00:00.0
2018-12-26,32.1,-1.1000004,0.0,-0.012499809265136719,-0.006249904632568359,0.19999980926513672,-0.012499809265136719,-0.09999847412109375,10,14,1,24,31.1,32.6,2018-12-26T08:00:00.0,2018-12-26T15:00:00.0
2018-12-27,33.05,-1.7000008,-0.012499809265136719,-0.09999974817037582,-0.05624977871775627,0.2857142984867096,-0.09999974817037582,-0.10000228881835938,10,14,1,24,32.1,35.1,2018-12-27T09:00:00.0,2018-12-27T19:00:00.0
2018-12-28,33.25,1.5,-0.09999974817037582,-0.04999971389770508,-0.07499973103404045,-0.09999942779541016,-0.04999971389770508,-0.09999990463256836,10,14,8,24,32.2,33.7,2018-12-29T07:00:00.0,2018-12-28T08:00:00.0
2018-12-29,32.0,-2.5999985,-0.04999971389770508,0.25227269530296326,0.10113649070262909,-0.02500009536743164,0.25227269530296326,-0.03750014305114746,10,14,8,24,31.9,34.8,2018-12-29T18:00:00.0,2018-12-30T07:00:00.0
2018-12-30,34.95,-1.1000023,0.25227269530296326,0.025000572204589844,0.13863663375377655,0.024999618530273438,0.025000572204589844,0.0,10,14,0,24,34.8,35.9,2018-12-30T09:00:00.0,2018-12-31T07:00:00.0
2018-12-31,35.05,1.7000008,0.025000572204589844,-0.057142529636621475,-0.016070978716015816,-0.10000038146972656,-0.057142529636621475,-0.12222247570753098,10,14,9,24,34.0,35.7,2019-01-01T07:00:00.0,2018-12-31T08:00:00.0
2019-01-01,33.85,-0.099998474,-0.057142529636621475,-0.10000038146972656,-0.07857145555317402,0.20000021159648895,-0.10000038146972656,-0.10000000149011612,10,14,5,24,33.5,35.4,2019-01-01T12:00:00.0,2019-01-01T17:00:00.0
2019-01-02,33.7,NaN,-0.10000038146972656,-0.04999987408518791,-0.07500012777745724,-0.07321419194340706,-0.04999987408518791,-0.07499980926513672,10,14,8,24,32.7,34.0,2019-01-03T07:00:00.0,2019-01-02T09:00:00.0
2019-01-03,32.5,-3.800003,-0.04999987408518791,0.022222306579351425,-0.013888783752918243,0.0,0.022222306579351425,-0.06666692346334457,10,14,3,24,32.5,36.7,2019-01-03T15:00:00.0,2019-01-04T03:00:00.0
2019-01-04,35.75,2.2999992,0.022222306579351425,-0.15999984741210938,-0.06888877041637897,-0.1999988555908203,-0.15999984741210938,-0.1400001496076584,10,14,10,24,34.0,36.5,2019-01-05T07:00:00.0,2019-01-04T09:00:00.0
2019-01-05,33.7,1.2999992,-0.15999984741210938,-0.040000151842832565,-0.09999999962747097,-0.07999954372644424,-0.040000151842832565,NaN,10,14,7,24,32.7,34.0,2019-01-06T07:00:00.0,2019-01-05T08:00:00.0
2019-01-06,32.5,-0.6000023,-0.040000151842832565,0.06904758885502815,0.014523718506097794,-0.012499809265136719,0.06904758885502815,-0.040000151842832565,10,14,5,24,32.4,33.6,2019-01-06T20:00:00.0,2019-01-07T02:00:00.0
2019-01-07,32.9,0.79999924,0.06904758885502815,-0.02222188375890255,0.0234128525480628,-0.05000019073486328,-0.02222188375890255,NaN,10,14,9,24,32.0,33.2,2019-01-08T01:00:00.0,2019-01-07T08:00:00.0
2019-01-08,36.5,-5.0,-0.02222188375890255,0.0,-0.011110941879451275,0.15624992176890373,0.0,-0.2999992370605469,10,14,2,24,32.4,37.4,2019-01-08T08:00:00.0,2019-01-09T07:00:00.0
2019-01-09,39.8,NaN,0.0,-0.012499809265136719,-0.006249904632568359,0.4666658937931061,-0.012499809265136719,0.0,10,14,0,24,37.0,40.4,2019-01-09T09:00:00.0,2019-01-10T00:00:00.0
2019-01-10,40.4,-0.3999977,-0.012499809265136719,0.0,-0.006249904632568359,0.042857032269239426,0.0,0.0,10,14,0,24,40.2,40.8,2019-01-10T08:00:00.0,2019-01-11T02:00:00.0
2019-01-11,40.6,4.5999985,0.0,-0.3358975052833557,-0.16794875264167786,-0.024999618530273438,-0.3358975052833557,-0.09999847412109375,10,14,1,24,36.0,40.6,2019-01-12T07:00:00.0,2019-01-11T11:00:00.0
2019-01-12,35.05,NaN,-0.3358975052833557,-0.059999845921993256,-0.19794867560267448,-0.08452370017766953,-0.059999845921993256,NaN,10,14,8,24,34.0,35.6,2019-01-13T06:00:00.0,2019-01-12T09:00:00.0
2019-01-13,33.85,0.5,-0.059999845921993256,-0.027272658422589302,-0.04363625217229128,-0.025000572204589844,-0.027272658422589302,-0.03749990463256836,10,14,8,24,33.5,34.0,2019-01-14T07:00:00.0,2019-01-13T08:00:00.0
2019-01-14,35.8,-0.5999985,-0.027272658422589302,-0.0666656494140625,-0.0469691539183259,0.0,-0.0666656494140625,NaN,10,14,5,24,33.7,37.5,2019-01-14T09:00:00.0,2019-01-14T11:00:00.0
2019-01-15,34.25,1.1000023,-0.0666656494140625,-0.04444440081715584,-0.05555502511560917,-0.04999971389770508,-0.04444440081715584,-0.0555555559694767,10,14,9,24,33.3,34.4,2019-01-16T07:00:00.0,2019-01-15T08:00:00.0
2019-01-16,33.1,0.5,-0.04444440081715584,-0.03333282470703125,-0.038888612762093544,-0.012500286102294922,-0.03333282470703125,-0.040000151842832565,10,14,5,24,32.7,33.2,2019-01-17T07:00:00.0,2019-01-16T11:00:00.0
2019-01-17,32.6,0.6000023,-0.03333282470703125,-0.04545454680919647,-0.03939368575811386,-0.012500286102294922,-0.04545454680919647,-0.10000228881835938,10,14,1,24,32.1,32.7,2019-01-18T07:00:00.0,2019-01-17T11:00:00.0
2019-01-18,32.1,0.099998474,-0.04545454680919647,0.0,-0.022727273404598236,0.0,0.0,0.0,10,14,0,24,32.0,32.1,2019-01-19T07:00:00.0,2019-01-19T02:00:00.0
2019-01-19,32.0,0.10000038,0.0,0.0,0.0,0.0,0.0,0.0,10,14,0,24,31.9,32.0,2019-01-20T07:00:00.0,2019-01-20T03:00:00.0
2019-01-20,31.8,0.19999886,0.0,-0.016666412353515625,-0.008333206176757812,0.0,-0.016666412353515625,-0.10000038146972656,10,14,1,24,31.6,31.8,2019-01-21T07:00:00.0,2019-01-21T01:00:00.0
2019-01-21,31.6,0.30000114,-0.016666412353515625,-0.020000075921416283,-0.018333244137465954,0.0,-0.020000075921416283,-0.10000038146972656,10,14,1,24,31.3,31.6,2019-01-22T07:00:00.0,2019-01-22T01:00:00.0
2019-01-22,31.4,0.099998474,-0.020000075921416283,-0.015384526923298836,-0.01769230142235756,0.01250004768371582,-0.015384526923298836,0.0,10,14,0,24,31.2,31.4,2019-01-23T07:00:00.0,2019-01-23T02:00:00.0
2019-01-23,31.2,0.20000076,-0.015384526923298836,-0.01999988593161106,-0.01769220642745495,0.0,-0.01999988593161106,0.0,10,14,0,24,31.0,31.3,2019-01-24T07:00:00.0,2019-01-24T01:00:00.0
2019-01-24,31.1,0.0,-0.01999988593161106,-0.008333365432918072,-0.014166625682264566,0.0,-0.008333365432918072,0.0,10,14,0,24,31.0,31.1,2019-01-25T07:00:00.0,2019-01-25T01:00:00.0
2019-01-25,30.9,0.10000038,-0.008333365432918072,0.0,-0.004166682716459036,0.0,0.0,-0.10000038146972656,10,14,1,24,30.8,31.0,2019-01-26T07:00:00.0,2019-01-26T01:00:00.0
2019-01-26,30.8,0.29999924,0.0,-0.01999969407916069,-0.009999847039580345,0.0,-0.01999969407916069,0.0,10,13,0,23,30.5,30.8,2019-01-27T06:00:00.0,2019-01-27T01:00:00.0
2019-01-27,30.5,0.0,-0.01999969407916069,0.0,-0.009999847039580345,0.0,0.0,0.0,11,13,0,24,30.5,30.6,2019-01-28T06:00:00.0,2019-01-28T02:00:00.0
2019-01-28,30.4,0.10000038,0.0,0.0,0.0,0.0,0.0,-0.10000038146972656,11,13,1,24,30.3,30.4,2019-01-29T06:00:00.0,2019-01-29T04:00:00.0
2019-01-29,30.3,0.099998474,0.0,0.0,0.0,0.0,0.0,-0.09999847412109375,11,13,1,24,30.2,30.3,2019-01-30T06:00:00.0,2019-01-30T02:00:00.0
2019-01-30,30.2,-1.5,0.0,0.1387500986456871,0.06937504932284355,0.0,0.1387500986456871,0.0,11,13,0,24,30.2,31.7,2019-01-30T19:00:00.0,2019-01-31T06:00:00.0
2019-01-31,31.5,0.6000004,0.1387500986456871,-0.03333314135670662,0.05270847864449024,-0.016666730865836143,-0.03333314135670662,-0.040000151842832565,11,13,5,24,31.1,31.7,2019-02-01T06:00:00.0,2019-01-31T07:00:00.0
2019-02-01,31.0,0.30000114,-0.03333314135670662,-0.019090982154011726,-0.026212061755359173,0.0,-0.019090982154011726,-0.10000038146972656,11,13,1,24,30.8,31.1,2019-02-02T06:00:00.0,2019-02-01T08:00:00.0
2019-02-02,30.7,0.099998474,-0.019090982154011726,0.0,-0.009545491077005863,0.0,0.0,-0.09999847412109375,11,13,1,24,30.6,30.8,2019-02-03T05:00:00.0,2019-02-02T07:00:00.0
2019-02-03,31.1,-0.20000076,0.0,-0.009545491077005863,-0.004772745538502932,0.020000075921416283,-0.009545491077005863,0.0,11,13,0,24,30.8,31.1,2019-02-03T07:00:00.0,2019-02-03T23:00:00.0
2019-02-04,34.5,-2.5,-0.009545491077005863,-0.06666692346334457,-0.03810620727017522,0.3142858147621155,-0.06666692346334457,-0.31999969482421875,11,13,5,24,31.0,36.1,2019-02-04T07:00:00.0,2019-02-04T11:00:00.0
2019-02-05,33.1,0.80000305,-0.06666692346334457,-0.028571536764502525,-0.04761923011392355,-0.049999237060546875,-0.028571536764502525,-0.0555555559694767,11,13,9,24,32.6,33.4,2019-02-06T06:00:00.0,2019-02-05T08:00:00.0
2019-02-06,32.5,-1.300003,-0.028571536764502525,-0.13999996334314346,-0.084285750053823,0.0,-0.13999996334314346,-0.03333282470703125,11,13,6,24,32.4,36.5,2019-02-06T15:00:00.0,2019-02-06T17:00:00.0
2019-02-07,35.6,-0.20000076,-0.13999996334314346,-0.09999974817037582,-0.11999985575675964,0.0,-0.09999974817037582,0.1181817501783371,11,13,11,24,33.7,36.2,2019-02-07T09:00:00.0,2019-02-07T11:00:00.0
2019-02-08,36.6,-1.699997,-0.09999974817037582,-0.0071427482180297375,-0.05357124819420278,0.10000000149011612,-0.0071427482180297375,-0.09999990463256836,11,13,8,24,33.9,37.4,2019-02-08T07:00:00.0,2019-02-08T13:00:00.0
2019-02-09,35.1,-0.20000076,-0.0071427482180297375,0.09999974817037582,0.04642849997617304,-0.012499809265136719,0.09999974817037582,-0.054545316845178604,11,13,11,24,34.9,35.9,2019-02-09T19:00:00.0,2019-02-10T03:00:00.0
2019-02-10,35.0,1.199997,0.09999974817037582,0.0,0.04999987408518791,-0.125,0.0,-0.1181817501783371,11,13,11,24,34.0,35.6,2019-02-11T01:00:00.0,2019-02-10T07:00:00.0
2019-02-11,34.2,0.20000076,0.0,0.033332983031868935,0.016666491515934467,-0.06666692346334457,0.033332983031868935,-0.07499980926513672,11,13,8,24,33.8,34.5,2019-02-11T21:00:00.0,2019-02-11T09:00:00.0
2019-02-12,34.6,-2.6000023,0.033332983031868935,-0.05714307352900505,-0.011905045248568058,0.024999618530273438,-0.05714307352900505,-0.07499980926513672,11,13,4,24,33.8,36.9,2019-02-13T04:00:00.0,2019-02-13T06:00:00.0
2019-02-13,37.8,1.7999992,-0.05714307352900505,-0.13333368301391602,-0.09523837827146053,-0.044444188475608826,-0.13333368301391602,-0.08571406453847885,11,13,7,24,35.8,38.0,2019-02-14T06:00:00.0,2019-02-13T10:00:00.0
2019-02-14,35.4,-3.2000008,-0.13333368301391602,0.22916682809591293,0.04791657254099846,0.028571536764502525,0.22916682809591293,0.0636364296078682,11,13,11,24,35.0,38.9,2019-02-14T13:00:00.0,2019-02-15T06:00:00.0
2019-02-15,39.0,-0.5,0.22916682809591293,0.004545558709651232,0.11685619340278208,0.03333282470703125,0.004545558709651232,0.0,11,13,0,24,38.9,39.4,2019-02-15T10:00:00.0,2019-02-16T06:00:00.0
2019-02-16,39.6,-0.5,0.004545558709651232,0.011111365631222725,0.007828462170436978,0.028571536764502525,0.011111365631222725,0.0,11,13,0,24,39.4,39.9,2019-02-16T08:00:00.0,2019-02-17T06:00:00.0
2019-02-17,40.05,NaN,0.011111365631222725,0.0,0.0055556828156113625,0.024999618530273438,0.0,0.0,11,13,0,24,39.9,40.3,2019-02-17T09:00:00.0,2019-02-18T02:00:00.0
2019-02-18,40.1,0.099998474,0.0,0.0,0.0,0.020000457763671875,0.0,-0.09999847412109375,11,13,1,24,40.0,40.2,2019-02-19T06:00:00.0,2019-02-19T03:00:00.0
2019-02-19,40.0,0.099998474,0.0,0.0,0.0,0.0,0.0,-0.09999847412109375,11,13,1,24,39.9,40.1,2019-02-20T06:00:00.0,2019-02-20T03:00:00.0
2019-02-20,40.0,-0.099998474,0.0,0.0,0.0,0.024999618530273438,0.0,0.0,11,13,0,24,39.9,40.2,2019-02-20T10:00:00.0,2019-02-21T03:00:00.0
2019-02-21,40.0,2.5999985,0.0,-0.2805553078651428,-0.1402776539325714,0.009999847039580345,-0.2805553078651428,0.0,11,13,0,24,37.4,40.1,2019-02-22T06:00:00.0,2019-02-21T20:00:00.0
2019-02-22,36.7,-0.8999977,-0.2805553078651428,0.21999988704919815,-0.030277710407972336,-0.10000228881835938,0.21999988704919815,-0.11818209290504456,11,13,11,24,35.4,38.2,2019-02-23T00:00:00.0,2019-02-23T04:00:00.0
2019-02-23,38.3,0.79999924,0.21999988704919815,-0.08541671559214592,0.06729158572852612,0.0428575798869133,-0.08541671559214592,0.0,11,13,0,24,37.3,38.6,2019-02-24T06:00:00.0,2019-02-24T00:00:00.0
2019-02-24,36.5,2.2000008,-0.08541671559214592,-0.09999974817037582,-0.09270823188126087,-0.125,-0.09999974817037582,-0.14444436132907867,11,13,9,24,34.8,37.0,2019-02-25T06:00:00.0,2019-02-24T08:00:00.0
2019-02-25,34.5,0.40000153,-0.09999974817037582,-0.024999618530273438,-0.06249968335032463,-0.03333282470703125,-0.024999618530273438,-0.04545454680919647,11,13,11,24,34.0,34.7,2019-02-26T05:00:00.0,2019-02-25T07:00:00.0
2019-02-26,37.8,-0.70000076,-0.024999618530273438,0.10500030592083931,0.040000343695282936,-0.033334095031023026,0.10500030592083931,-0.10000000149011612,11,13,5,24,36.2,37.9,2019-02-26T22:00:00.0,2019-02-27T05:00:00.0
2019-02-27,38.1,2.4000015,0.10500030592083931,-0.20000076293945312,-0.04750022850930691,0.03999938815832138,-0.20000076293945312,-0.09999847412109375,11,13,1,24,35.3,38.1,2019-02-28T06:00:00.0,2019-02-27T17:00:00.0
2019-02-28,34.6,-2.300003,-0.20000076293945312,0.3100000470876694,0.054999642074108124,-0.05000019073486328,0.3100000470876694,-0.09999974817037582,11,13,9,24,34.3,37.6,2019-02-28T22:00:00.0,2019-03-01T02:00:00.0
2019-03-01,37.6,-1.0,0.3100000470876694,0.01999969407916069,0.16499987058341503,0.0714285746216774,0.01999969407916069,-0.6000022888183594,11,13,1,24,36.8,38.5,2019-03-01T10:00:00.0,2019-03-02T03:00:00.0
2019-03-02,38.6,0.5,0.01999969407916069,-0.09999847412109375,-0.03999939002096653,0.042857032269239426,-0.09999847412109375,0.0,11,13,0,24,37.9,38.9,2019-03-03T06:00:00.0,2019-03-02T22:00:00.0
2019-03-03,36.4,3.2999992,-0.09999847412109375,-0.07638910040259361,-0.08819378726184368,-0.2000001221895218,-0.07638910040259361,-0.21818195283412933,11,13,11,24,34.4,37.7,2019-03-04T06:00:00.0,2019-03-03T07:00:00.0
2019-03-04,34.0,-3.5,-0.07638910040259361,0.04999947547912598,-0.013194812461733818,0.0,0.04999947547912598,-0.04444461315870285,11,13,9,24,34.0,37.7,2019-03-04T16:00:00.0,2019-03-05T06:00:00.0
2019-03-05,37.9,3.1000023,0.04999947547912598,-0.22857120633125305,-0.08928586542606354,0.0,-0.22857120633125305,-0.11999969184398651,12,12,5,24,34.6,38.0,2019-03-06T06:00:00.0,2019-03-05T13:00:00.0
2019-03-06,34.05,1.1000023,-0.22857120633125305,-0.03541699983179569,-0.13199410308152437,-0.043650610372424126,-0.03541699983179569,-0.06999969482421875,12,12,10,24,33.3,34.4,2019-03-07T06:00:00.0,2019-03-06T07:00:00.0
2019-03-07,33.1,0.20000076,-0.03541699983179569,0.0,-0.017708499915897846,0.0,0.0,-0.10000038146972656,12,12,2,24,33.0,33.2,2019-03-08T06:00:00.0,2019-03-07T07:00:00.0
2019-03-08,32.95,-0.099998474,0.0,-0.03750014305114746,-0.01875007152557373,0.047726891934871674,-0.03750014305114746,-0.09999847412109375,12,12,1,24,32.9,33.5,2019-03-08T13:00:00.0,2019-03-08T20:00:00.0
2019-03-09,33.0,0.40000153,-0.03750014305114746,-0.026785816065967083,-0.03214297955855727,0.0,-0.026785816065967083,-0.0666656494140625,12,12,3,24,32.6,33.0,2019-03-10T06:00:00.0,2019-03-10T01:00:00.0
2019-03-10,32.2,0.39999962,-0.026785816065967083,-0.018333561718463898,-0.02255968889221549,0.0,-0.018333561718463898,-0.125,12,12,4,24,31.9,32.3,2019-03-11T06:00:00.0,2019-03-10T07:00:00.0
2019-03-11,31.7,0.39999962,-0.018333561718463898,-0.02678556088358164,-0.022559561301022768,0.0,-0.02678556088358164,-0.09999942779541016,12,12,2,24,31.4,31.8,2019-03-12T06:00:00.0,2019-03-12T01:00:00.0
2019-03-12,31.2,0.20000076,-0.02678556088358164,-0.028571264818310738,-0.027678412850946188,0.0,-0.028571264818310738,-0.09999974817037582,12,12,3,24,31.0,31.3,2019-03-13T06:00:00.0,2019-03-13T01:00:00.0
2019-03-13,30.9,-3.0999985,-0.028571264818310738,-0.23541665077209473,-0.13199395779520273,0.0,-0.23541665077209473,-0.10000038146972656,12,12,1,24,30.9,36.3,2019-03-13T17:00:00.0,2019-03-13T22:00:00.0
2019-03-14,33.15,1.5,-0.23541665077209473,-0.033333778381347656,-0.1343752145767212,-0.05857145972549915,-0.033333778381347656,-0.12222205102443695,12,12,9,24,32.3,33.8,2019-03-15T06:00:00.0,2019-03-14T07:00:00.0
2019-03-15,31.8,0.69999886,-0.033333778381347656,-0.02678556088358164,-0.030059669632464647,0.0,-0.02678556088358164,-0.1666666716337204,12,12,3,24,31.4,32.1,2019-03-16T06:00:00.0,2019-03-15T07:00:00.0
2019-03-16,31.3,0.099998474,-0.02678556088358164,-0.016666730865836143,-0.02172614587470889,0.0,-0.016666730865836143,-0.10000038146972656,12,12,1,24,31.2,31.4,2019-03-17T06:00:00.0,2019-03-17T01:00:00.0
2019-03-17,31.25,-0.79999924,-0.016666730865836143,0.0,-0.008333365432918072,0.04999995231628418,0.0,-0.10000038146972656,12,12,1,24,31.1,32.2,2019-03-17T08:00:00.0,2019-03-18T04:00:00.0
2019-03-18,31.6,0.79999924,0.0,-0.03333346173167229,-0.016666730865836143,-0.020000075921416283,-0.03333346173167229,-0.04999995231628418,12,12,8,24,31.0,31.8,2019-03-19T06:00:00.0,2019-03-18T07:00:00.0
2019-03-19,31.0,0.6000004,-0.03333346173167229,-0.023611200973391533,-0.02847233135253191,0.0,-0.023611200973391533,-0.10000038146972656,12,12,1,24,30.4,31.0,2019-03-20T06:00:00.0,2019-03-20T02:00:00.0
2019-03-20,30.3,-6.200001,-0.023611200973391533,0.08660735562443733,0.0314980773255229,0.024999618530273438,0.08660735562443733,-0.06666628271341324,12,12,3,24,30.2,36.5,2019-03-20T10:00:00.0,2019-03-21T06:00:00.0
2019-03-21,36.4,3.0,0.08660735562443733,-0.0833333358168602,0.0016370099037885666,-0.1612503081560135,-0.0833333358168602,-0.1416667252779007,12,12,12,24,33.4,36.7,2019-03-22T06:00:00.0,2019-03-21T11:00:00.0
2019-03-22,34.2,0.30000305,-0.0833333358168602,-0.09999847412109375,-0.09166590496897697,-0.09999911114573479,-0.09999847412109375,-0.1714281290769577,12,12,7,24,33.1,35.1,2019-03-23T06:00:00.0,2019-03-22T09:00:00.0
2019-03-23,32.7,0.6000023,-0.09999847412109375,-0.023610751144587994,-0.06180461263284087,-0.02000026684254408,-0.023610751144587994,-0.0416666679084301,12,12,12,24,32.3,32.9,2019-03-24T06:00:00.0,2019-03-23T08:00:00.0
2019-03-24,32.85,-0.79999924,-0.023610751144587994,-0.12249984592199326,-0.07305529853329062,0.16306810081005096,-0.12249984592199326,0.0,12,12,0,24,32.3,34.7,2019-03-24T10:00:00.0,2019-03-24T20:00:00.0
2019-03-25,32.4,0.80000305,-0.12249984592199326,-0.022222306579351425,-0.07236107625067234,-0.022222095169126987,-0.022222306579351425,-0.0666666030883789,12,12,12,24,32.1,32.9,2019-03-26T06:00:00.0,2019-03-25T07:00:00.0
2019-03-26,32.2,0.10000229,-0.022222306579351425,0.0,-0.011111153289675713,0.0,0.0,0.0,12,12,0,24,32.1,32.2,2019-03-27T06:00:00.0,2019-03-27T03:00:00.0
2019-03-27,32.0,-4.0999985,0.0,0.2999992370605469,0.14999961853027344,0.009999847039580345,0.2999992370605469,-0.09999847412109375,12,12,1,24,32.0,36.1,2019-03-27T13:00:00.0,2019-03-28T06:00:00.0
2019-03-28,34.5,2.7999992,0.2999992370605469,-0.0625,0.11874961853027344,-0.13333288580179214,-0.0625,-0.19090895354747772,12,12,11,24,33.2,36.0,2019-03-29T06:00:00.0,2019-03-28T07:00:00.0
2019-03-29,33.0,1.0999985,-0.0625,-0.050000667572021484,-0.05625033378601074,-0.016666412353515625,-0.050000667572021484,-0.033333249390125275,12,12,9,24,32.0,33.1,2019-03-30T06:00:00.0,2019-03-29T08:00:00.0
2019-03-30,31.7,-1.2999992,-0.050000667572021484,0.1409720852971077,0.045485708862543106,0.0,0.1409720852971077,-0.14999961853027344,12,12,2,24,31.7,34.0,2019-03-30T15:00:00.0,2019-03-31T01:00:00.0
2019-03-31,32.4,1.6000023,0.1409720852971077,-0.09999991953372955,0.02048608288168907,-0.041428592056035995,-0.09999991953372955,-0.08888880163431168,12,12,9,24,31.3,32.9,2019-04-01T06:00:00.0,2019-03-31T07:00:00.0
2019-04-01,31.0,-5.300001,-0.09999991953372955,0.5633331537246704,0.23166661709547043,0.0,0.5633331537246704,-0.1333332061767578,12,12,3,24,30.9,36.4,2019-04-01T09:00:00.0,2019-04-02T06:00:00.0
2019-04-02,37.15,-0.6000023,0.5633331537246704,-0.02361096255481243,0.269861095584929,0.07999992370605469,-0.02361096255481243,-0.10000228881835938,12,12,1,24,36.3,37.6,2019-04-02T07:00:00.0,2019-04-03T02:00:00.0
2019-04-03,34.75,1.800003,-0.02361096255481243,-0.05000019073486328,-0.036805576644837856,-0.14999961853027344,-0.05000019073486328,-0.2545457184314728,12,12,11,24,33.5,36.9,2019-04-04T04:00:00.0,2019-04-03T07:00:00.0
2019-04-04,34.85,2.4000015,-0.05000019073486328,-0.20000076293945312,-0.1250004768371582,-0.2999992370605469,-0.20000076293945312,-0.1999988555908203,12,12,2,24,32.6,35.0,2019-04-05T06:00:00.0,2019-04-04T07:00:00.0
2019-04-05,32.2,1.0000019,-0.20000076293945312,-0.0464287493377924,-0.12321475613862276,0.0,-0.0464287493377924,-0.1999988555908203,12,12,2,24,31.4,32.4,2019-04-06T06:00:00.0,2019-04-05T07:00:00.0
2019-04-06,31.1,0.70000076,-0.0464287493377924,-0.03333346173167229,-0.03988110553473234,0.0,-0.03333346173167229,-0.19999980926513672,12,12,2,24,30.5,31.2,2019-04-07T06:00:00.0,2019-04-07T00:00:00.0
2019-04-07,30.3,0.5,-0.03333346173167229,-0.04365071654319763,-0.03849208913743496,0.0,-0.04365071654319763,-0.14999961853027344,12,12,2,24,29.8,30.4,2019-04-08T06:00:00.0,2019-04-08T00:00:00.0
2019-04-08,29.5,0.30000114,-0.04365071654319763,0.0,-0.021825358271598816,0.0,0.0,-0.1333332061767578,12,11,3,23,29.3,29.6,2019-04-09T05:00:00.0,2019-04-08T07:00:00.0
2019-04-09,29.9,-1.0,0.0,0.0,0.0,0.07777786254882812,0.0,0.0,13,11,0,24,29.3,30.5,2019-04-09T06:00:00.0,2019-04-10T03:00:00.0
2019-04-10,30.3,-3.6000023,0.0,-0.14999961853027344,-0.07499980926513672,0.36750011146068573,-0.14999961853027344,-0.09999942779541016,13,11,2,24,30.1,35.3,2019-04-10T08:00:00.0,2019-04-10T19:00:00.0
2019-04-11,33.3,1.3999977,-0.14999961853027344,-0.05000114440917969,-0.10000038146972656,-0.05777770094573498,-0.05000114440917969,-0.06923088431358337,13,11,13,24,32.4,33.8,2019-04-12T05:00:00.0,2019-04-11T06:00:00.0
2019-04-12,31.9,0.40000153,-0.05000114440917969,0.0,-0.025000572204589844,0.0,0.0,-0.1250004768371582,13,11,4,24,31.8,32.2,2019-04-13T05:00:00.0,2019-04-12T06:00:00.0
2019-04-13,31.9,0.0,0.0,0.0,0.0,0.009545491077005863,0.0,0.0,13,11,0,24,31.8,31.9,2019-04-14T05:00:00.0,2019-04-14T02:00:00.0
2019-04-14,33.6,-0.6000023,0.0,-0.06666692346334457,-0.03333346173167229,-0.049999237060546875,-0.06666692346334457,-0.07499980926513672,13,11,8,24,31.8,34.0,2019-04-14T06:00:00.0,2019-04-14T09:00:00.0
2019-04-15,32.0,0.70000076,-0.06666692346334457,-0.05000114440917969,-0.05833403393626213,0.0,-0.05000114440917969,-0.10000038146972656,13,11,5,24,31.5,32.2,2019-04-16T05:00:00.0,2019-04-15T23:00:00.0
2019-04-16,31.0,0.8999996,-0.05000114440917969,-0.03333346173167229,-0.04166730307042599,0.0,-0.03333346173167229,-0.15000009536743164,13,11,4,24,30.4,31.3,2019-04-17T05:00:00.0,2019-04-16T06:00:00.0
2019-04-17,30.0,0.5,-0.03333346173167229,0.0,-0.016666730865836143,0.0,0.0,-0.1666666716337204,13,11,3,24,29.7,30.2,2019-04-18T05:00:00.0,2019-04-17T06:00:00.0
2019-04-18,29.5,-1.6999989,0.0,0.06666649878025055,0.033333249390125275,0.015476249624043703,0.06666649878025055,-0.10000038146972656,13,11,2,24,29.5,31.7,2019-04-18T14:00:00.0,2019-04-19T01:00:00.0
2019-04-19,31.0,0.9000015,0.06666649878025055,-0.05000019073486328,0.008333154022693634,-0.0045454720966517925,-0.05000019073486328,-0.03636360168457031,13,11,11,24,30.3,31.2,2019-04-20T05:00:00.0,2019-04-19T06:00:00.0
2019-04-20,29.8,0.39999962,-0.05000019073486328,0.0,-0.02500009536743164,0.0,0.0,-0.1666666716337204,13,11,3,24,29.7,30.1,2019-04-21T05:00:00.0,2019-04-20T06:00:00.0
2019-04-21,29.6,0.0,0.0,0.0,0.0,0.0,0.0,-0.10000038146972656,13,11,2,24,29.5,29.7,2019-04-21T11:00:00.0,2019-04-22T02:00:00.0
2019-04-22,33.1,-0.39999962,0.0,-0.05714307352900505,-0.028571536764502525,-0.09999974817037582,-0.05714307352900505,-0.10909097641706467,13,11,11,24,31.6,33.9,2019-04-22T06:00:00.0,2019-04-22T07:00:00.0
2019-04-23,31.9,-2.7000008,-0.05714307352900505,0.29000014066696167,0.11642853356897831,-0.010000037960708141,0.29000014066696167,-0.020000075921416283,13,11,10,24,31.7,35.6,2019-04-24T00:00:00.0,2019-04-24T03:00:00.0
2019-04-24,33.3,0.40000153,0.29000014066696167,0.1428571492433548,0.21642864495515823,-0.1000002771615982,0.1428571492433548,-0.1416667252779007,13,11,12,24,32.9,35.7,2019-04-24T21:00:00.0,2019-04-25T00:00:00.0
2019-04-25,33.3,1.3999977,0.1428571492433548,-0.0833333358168602,0.0297619067132473,-0.024999618530273438,-0.0833333358168602,-0.07272720336914062,13,11,11,24,32.2,33.6,2019-04-26T05:00:00.0,2019-04-25T06:00:00.0
2019-04-26,31.8,0.39999962,-0.0833333358168602,0.0,-0.0416666679084301,0.0,0.0,-0.1666666716337204,13,11,3,24,31.6,32.0,2019-04-27T05:00:00.0,2019-04-26T06:00:00.0
2019-04-27,35.5,-2.1999989,0.0,-0.10000038146972656,-0.05000019073486328,0.3545455038547516,-0.10000038146972656,0.31666675209999084,13,11,12,24,31.5,36.5,2019-04-27T09:00:00.0,2019-04-27T14:00:00.0
2019-04-28,33.4,-4.0,-0.10000038146972656,0.10000038146972656,0.0,-0.03749990463256836,0.10000038146972656,-0.054545316845178604,13,11,11,24,33.1,37.7,2019-04-28T19:00:00.0,2019-04-29T05:00:00.0
2019-04-29,37.8,3.2000008,0.10000038146972656,-0.2571432888507843,-0.07857145369052887,-0.013392652850598097,-0.2571432888507843,-0.36666616797447205,13,11,3,24,34.6,38.0,2019-04-30T05:00:00.0,2019-04-29T14:00:00.0
2019-04-30,34.0,2.0,-0.2571432888507843,-0.09999942779541016,-0.17857135832309723,-0.059999845921993256,-0.09999942779541016,-0.0692305937409401,13,11,13,24,32.5,34.5,2019-05-01T05:00:00.0,2019-04-30T06:00:00.0
2019-05-01,32.0,0.6000004,-0.09999942779541016,-0.04444440081715584,-0.072221914306283,0.0,-0.04444440081715584,-0.17500019073486328,13,11,4,24,31.6,32.2,2019-05-02T05:00:00.0,2019-05-01T06:00:00.0
2019-05-02,31.4,0.8999996,-0.04444440081715584,-0.042857032269239426,-0.04365071654319763,0.0,-0.042857032269239426,-0.10000038146972656,13,11,3,24,30.6,31.5,2019-05-03T05:00:00.0,2019-05-02T06:00:00.0
2019-05-03,30.0,0.69999886,-0.042857032269239426,-0.03333346173167229,-0.038095247000455856,0.0,-0.03333346173167229,-0.17500019073486328,13,11,4,24,29.6,30.3,2019-05-04T05:00:00.0,2019-05-03T06:00:00.0
2019-05-04,29.2,0.6000004,-0.03333346173167229,-0.049999237060546875,-0.04166634939610958,0.0,-0.049999237060546875,-0.125,13,11,4,24,28.8,29.4,2019-05-05T05:00:00.0,2019-05-04T06:00:00.0
2019-05-05,28.8,-0.10000038,-0.049999237060546875,0.0,-0.024999618530273438,0.012499809265136719,0.0,-0.09999847412109375,13,11,1,24,28.7,28.9,2019-05-05T09:00:00.0,2019-05-06T05:00:00.0
2019-05-06,29.0,0.19999886,0.0,0.0,0.0,0.008712154813110828,0.0,0.0,13,11,0,24,28.7,29.0,2019-05-07T05:00:00.0,2019-05-07T02:00:00.0
2019-05-07,28.7,0.20000076,0.0,-0.03333282470703125,-0.016666412353515625,0.0,-0.03333282470703125,0.0,13,11,0,24,28.5,28.8,2019-05-08T05:00:00.0,2019-05-07T23:00:00.0
2019-05-08,28.1,0.8999996,-0.03333282470703125,-0.03333346173167229,-0.03333314321935177,0.0,-0.03333346173167229,-0.1333332061767578,13,11,3,24,27.5,28.4,2019-05-09T05:00:00.0,2019-05-08T06:00:00.0
2019-05-09,27.0,0.8999996,-0.03333346173167229,-0.05000019073486328,-0.041666826233267784,0.0,-0.05000019073486328,-0.1666666716337204,13,11,3,24,26.4,27.3,2019-05-10T05:00:00.0,2019-05-09T06:00:00.0
2019-05-10,26.0,0.9000015,-0.05000019073486328,-0.042857032269239426,-0.04642861150205135,0.0,-0.042857032269239426,-0.125,13,11,4,24,25.3,26.2,2019-05-11T05:00:00.0,2019-05-10T06:00:00.0
2019-05-11,24.9,0.80000114,-0.042857032269239426,-0.042857032269239426,-0.042857032269239426,0.0,-0.042857032269239426,-0.1333332061767578,13,11,3,24,24.3,25.1,2019-05-12T05:00:00.0,2019-05-11T06:00:00.0
2019-05-12,24.3,-7.300001,-0.042857032269239426,-0.17500019073486328,-0.10892861150205135,0.03333346173167229,-0.17500019073486328,-0.09999847412109375,13,11,1,24,24.2,33.1,2019-05-12T09:00:00.0,2019-05-12T20:00:00.0
2019-05-13,31.5,1.1000004,-0.17500019073486328,-0.07499980926513672,-0.125,-0.0250000162050128,-0.07499980926513672,-0.03076920099556446,13,11,13,24,30.4,31.6,2019-05-14T05:00:00.0,2019-05-13T11:00:00.0
2019-05-14,33.5,-2.7999992,-0.07499980926513672,-0.049999237060546875,-0.0624995231628418,0.3449999839067459,-0.049999237060546875,0.23846156895160675,13,11,13,24,30.1,34.1,2019-05-14T10:00:00.0,2019-05-14T13:00:00.0
2019-05-15,33.1,NaN,-0.049999237060546875,-0.057142529636621475,-0.053570883348584175,-0.0625,-0.057142529636621475,-0.06666692346334457,14,10,9,24,32.2,33.4,2019-05-16T05:00:00.0,2019-05-15T10:00:00.0
2019-05-16,31.95,-0.6000023,-0.057142529636621475,-0.02500009536743164,-0.04107131250202656,-0.014285768382251263,-0.02500009536743164,-0.03750014305114746,14,10,8,24,31.9,33.0,2019-05-16T19:00:00.0,2019-05-17T00:00:00.0
2019-05-17,32.2,0.8999977,-0.02500009536743164,-0.03749990463256836,-0.03125,-0.03333346173167229,-0.03749990463256836,-0.060000229626894,14,10,10,24,31.7,32.6,2019-05-18T05:00:00.0,2019-05-17T06:00:00.0
2019-05-18,31.4,0.10000038,-0.03749990463256836,0.0,-0.01874995231628418,0.0,0.0,-0.06666692346334457,14,10,6,24,31.3,31.6,2019-05-18T15:00:00.0,2019-05-19T04:00:00.0
2019-05-19,33.6,-1.0999985,0.0,-0.08750009536743164,-0.04375004768371582,0.05000000074505806,-0.08750009536743164,-0.08571406453847885,14,10,7,24,31.5,34.0,2019-05-19T07:00:00.0,2019-05-19T12:00:00.0
2019-05-20,32.0,1.1000004,-0.08750009536743164,-0.05000019073486328,-0.06875014305114746,-0.040000151842832565,-0.05000019073486328,-0.06363625824451447,14,10,11,24,31.4,32.5,2019-05-21T05:00:00.0,2019-05-20T06:00:00.0
2019-05-21,31.2,0.69999886,-0.05000019073486328,-0.03333346173167229,-0.041666826233267784,-0.018181713297963142,-0.03333346173167229,-0.03333314135670662,14,10,6,24,30.7,31.4,2019-05-22T05:00:00.0,2019-05-21T06:00:00.0
2019-05-22,30.1,1.0,-0.03333346173167229,-0.020000075921416283,-0.026666768826544285,-0.03749990463256836,-0.020000075921416283,-0.07777786254882812,14,10,9,24,29.6,30.6,2019-05-23T05:00:00.0,2019-05-22T06:00:00.0
2019-05-23,29.1,0.6000004,-0.020000075921416283,-0.005555576644837856,-0.01277782628312707,-0.039999961853027344,-0.005555576644837856,-0.060000039637088776,14,10,10,24,28.9,29.5,2019-05-24T05:00:00.0,2019-05-23T06:00:00.0
2019-05-24,28.5,0.29999924,-0.005555576644837856,0.0,-0.002777788322418928,-0.020000075921416283,0.0,-0.0357142873108387,14,10,14,24,28.4,28.8,2019-05-24T22:00:00.0,2019-05-24T07:00:00.0
2019-05-25,33.0,-4.3999996,0.0,-0.09999847412109375,-0.049999237060546875,0.0833333358168602,-0.09999847412109375,0.027272658422589302,14,10,11,24,29.1,35.6,2019-05-25T06:00:00.0,2019-05-26T01:00:00.0
2019-05-26,33.5,1.7999992,-0.09999847412109375,-0.09999942779541016,-0.09999895095825195,-0.1666666716337204,-0.09999942779541016,-0.25,14,10,12,24,31.7,35.8,2019-05-27T05:00:00.0,2019-05-26T07:00:00.0
2019-05-27,31.4,0.80000114,-0.09999942779541016,-0.016666730865836143,-0.05833307933062315,-0.01250004768371582,-0.016666730865836143,-0.02500009536743164,14,10,12,24,30.9,31.7,2019-05-28T05:00:00.0,2019-05-27T06:00:00.0
2019-05-28,30.8,0.19999886,-0.016666730865836143,-0.022222094237804413,-0.019444412551820278,0.0,-0.022222094237804413,-0.010000037960708141,14,10,10,24,30.6,30.9,2019-05-29T05:00:00.0,2019-05-28T14:00:00.0
2019-05-29,30.2,0.0,-0.022222094237804413,0.042857032269239426,0.010317469015717506,-0.012499809265136719,0.042857032269239426,-0.0666666030883789,14,10,6,24,30.2,30.5,2019-05-29T22:00:00.0,2019-05-30T05:00:00.0
2019-05-30,30.75,-0.6000004,0.042857032269239426,0.0,0.021428516134619713,0.03999977186322212,0.0,0.0,14,10,0,24,30.5,31.3,2019-05-30T07:00:00.0,2019-05-31T02:00:00.0
2019-05-31,31.0,0.10000038,0.0,0.0,0.0,0.0,0.0,-0.10000038146972656,14,10,1,24,31.0,31.1,2019-06-01T05:00:00.0,2019-05-31T07:00:00.0
2019-06-01,31.7,NaN,0.0,0.0,0.0,0.02500009536743164,0.0,0.0,14,10,0,24,31.0,31.7,2019-06-01T07:00:00.0,2019-06-01T20:00:00.0
2019-06-02,31.3,0.5,0.0,-0.03333346173167229,-0.016666730865836143,-0.01999969407916069,-0.03333346173167229,-0.04444440081715584,14,10,9,24,30.9,31.4,2019-06-03T05:00:00.0,2019-06-02T10:00:00.0
2019-06-03,30.4,0.6000004,-0.03333346173167229,-0.02500009536743164,-0.029166778549551964,-0.016666730865836143,-0.02500009536743164,-0.05000003054738045,14,10,12,24,30.1,30.7,2019-06-04T05:00:00.0,2019-06-03T06:00:00.0
2019-06-04,29.5,0.70000076,-0.02500009536743164,0.0,-0.01250004768371582,-0.016666730865836143,0.0,-0.1000000610947609,14,10,6,24,29.3,30.0,2019-06-05T05:00:00.0,2019-06-04T06:00:00.0
2019-06-05,29.0,-3.7999992,0.0,0.46249985694885254,0.23124992847442627,0.029999922960996628,0.46249985694885254,-0.10000000149011612,14,10,5,24,28.8,34.0,2019-06-05T10:00:00.0,2019-06-06T02:00:00.0
2019-06-06,31.650002,2.0,0.46249985694885254,-0.06666649878025055,0.197916679084301,-0.08333349227905273,-0.06666649878025055,-0.13333337008953094,14,10,12,24,30.7,32.7,2019-06-07T05:00:00.0,2019-06-06T06:00:00.0
2019-06-07,29.95,-2.5,-0.06666649878025055,0.4249999523162842,0.17916672676801682,-0.05714280158281326,0.4249999523162842,-0.07857145369052887,14,10,14,24,29.6,33.3,2019-06-07T22:00:00.0,2019-06-08T02:00:00.0
2019-06-08,32.65,1.9000015,0.4249999523162842,-0.0625,0.1812499761581421,-0.10000038146972656,-0.0625,-0.11666679382324219,14,10,12,24,31.5,33.5,2019-06-09T05:00:00.0,2019-06-08T07:00:00.0
2019-06-09,30.55,1.1999989,-0.0625,-0.02499985694885254,-0.04374992847442627,-0.060000229626894,-0.02499985694885254,-0.08571434020996094,14,10,14,24,30.1,31.3,2019-06-10T05:00:00.0,2019-06-09T06:00:00.0
2019-06-10,29.849998,0.5,-0.02499985694885254,-0.016666412353515625,-0.020833134651184082,-0.016666730865836143,-0.016666412353515625,-0.039999961853027344,14,10,10,24,29.5,30.0,2019-06-11T05:00:00.0,2019-06-10T07:00:00.0
2019-06-11,28.9,0.29999924,-0.016666412353515625,0.01250004768371582,-0.0020831823348999023,-0.020000075921416283,0.01250004768371582,-0.08750009536743164,14,10,8,24,28.8,29.3,2019-06-12T00:00:00.0,2019-06-11T06:00:00.0
2019-06-12,29.3,-4.299999,0.01250004768371582,0.09999974817037582,0.05624989792704582,0.027272658422589302,0.09999974817037582,-0.10000038146972656,14,10,1,24,29.0,34.8,2019-06-12T06:00:00.0,2019-06-13T02:00:00.0
2019-06-13,32.699997,1.9000015,0.09999974817037582,-0.07777786254882812,0.01111094281077385,-0.10000017285346985,-0.07777786254882812,-0.09999994188547134,14,10,13,24,31.3,33.2,2019-06-14T05:00:00.0,2019-06-13T06:00:00.0
2019-06-14,31.0,1.3999996,-0.07777786254882812,-0.15000057220458984,-0.11388921737670898,0.0,-0.15000057220458984,-0.04444440081715584,14,10,9,24,29.7,31.2,2019-06-15T05:00:00.0,2019-06-14T20:00:00.0
2019-06-15,29.05,-0.10000038,-0.15000057220458984,0.040000151842832565,-0.05500021018087864,0.0,0.040000151842832565,-0.11428587883710861,14,10,7,24,28.9,29.6,2019-06-15T13:00:00.0,2019-06-16T05:00:00.0
2019-06-16,25.8,-4.000002,0.040000151842832565,0.8166669011116028,0.4283335264772177,-0.35000038146972656,0.8166669011116028,-0.34166669845581055,14,10,12,24,25.4,33.4,2019-06-16T13:00:00.0,2019-06-17T05:00:00.0
2019-06-17,35.3,-0.9000015,0.8166669011116028,-0.0625,0.3770834505558014,-0.0937492847442627,-0.0625,NaN,14,10,8,24,34.6,36.3,2019-06-17T06:00:00.0,2019-06-18T00:00:00.0
2019-06-18,34.95,0.3999977,-0.0625,0.02500009536743164,-0.01874995231628418,-0.03999977186322212,0.02500009536743164,-0.06428582221269608,14,10,14,24,34.4,35.1,2019-06-19T00:00:00.0,2019-06-18T09:00:00.0
2019-06-19,34.4,0.70000076,0.02500009536743164,-0.02500009536743164,0.0,0.0,-0.02500009536743164,-0.10000038146972656,14,10,4,24,34.0,34.7,2019-06-20T05:00:00.0,2019-06-19T06:00:00.0
2019-06-20,35.1,-2.0,-0.02500009536743164,0.15357188135385513,0.06428589299321175,0.16249990463256836,0.15357188135385513,0.0714285746216774,14,10,14,24,33.8,36.4,2019-06-20T08:00:00.0,2019-06-20T15:00:00.0
2019-06-21,34.7,-1.6000023,0.15357188135385513,0.033334095031023026,0.09345298819243908,-0.05416727066040039,0.033334095031023026,NaN,14,10,12,24,34.5,37.2,2019-06-21T18:00:00.0,2019-06-22T05:00:00.0
2019-06-22,37.3,2.2000008,0.033334095031023026,-0.2200004607439041,-0.09333318285644054,0.022222306579351425,-0.2200004607439041,-0.10000228881835938,14,10,1,24,35.0,37.5,2019-06-23T05:00:00.0,2019-06-22T23:00:00.0
2019-06-23,34.5,1.1000023,-0.2200004607439041,-0.08000030368566513,-0.15000038221478462,0.0,-0.08000030368566513,-0.19999949634075165,14,10,3,24,33.6,34.7,2019-06-24T05:00:00.0,2019-06-23T06:00:00.0
2019-06-24,33.1,0.29999924,-0.08000030368566513,0.0,-0.040000151842832565,0.009091117419302464,0.0,-0.0357142873108387,14,10,14,24,33.0,33.3,2019-06-25T05:00:00.0,2019-06-24T06:00:00.0
2019-06-25,32.8,1.2000008,0.0,-0.1000010147690773,-0.05000050738453865,0.009091117419302464,-0.1000010147690773,-0.09999974817037582,14,10,3,24,31.7,32.9,2019-06-26T05:00:00.0,2019-06-25T23:00:00.0
2019-06-26,31.5,0.6000004,-0.1000010147690773,-0.05000019073486328,-0.07500060275197029,0.0,-0.05000019073486328,-0.020000075921416283,14,10,10,24,30.9,31.7,2019-06-27T05:00:00.0,2019-06-26T14:00:00.0
2019-06-27,30.2,1.0,-0.05000019073486328,-0.05714307352900505,-0.053571632131934166,0.0,-0.05714307352900505,-0.19999980926513672,14,10,4,24,29.6,30.6,2019-06-28T05:00:00.0,2019-06-27T06:00:00.0
2019-06-28,29.3,0.29999924,-0.05714307352900505,-0.02500009536743164,-0.041071584448218346,0.0,-0.02500009536743164,-0.02500009536743164,14,10,12,24,29.1,29.4,2019-06-29T05:00:00.0,2019-06-29T01:00:00.0
2019-06-29,29.150002,-0.20000076,-0.02500009536743164,-0.02500009536743164,-0.02500009536743164,0.03333314135670662,-0.02500009536743164,-0.20000076293945312,14,10,1,24,28.9,29.3,2019-06-29T08:00:00.0,2019-06-30T00:00:00.0
2019-06-30,28.8,0.70000076,-0.02500009536743164,-0.03999977186322212,-0.03249993361532688,0.0,-0.03999977186322212,-0.07500028610229492,14,10,4,24,28.3,29.0,2019-07-01T05:00:00.0,2019-06-30T07:00:00.0
2019-07-01,27.9,1.2000008,-0.03999977186322212,-0.059999845921993256,-0.04999980889260769,0.0,-0.059999845921993256,-0.125,14,10,4,24,27.0,28.2,2019-07-02T05:00:00.0,2019-07-01T06:00:00.0
2019-07-02,26.349998,0.79999924,-0.059999845921993256,-0.02500009536743164,-0.04249997064471245,0.0,-0.02500009536743164,-0.17500019073486328,14,10,4,24,26.0,26.8,2019-07-03T05:00:00.0,2019-07-02T06:00:00.0
2019-07-03,25.6,-0.39999962,-0.02500009536743164,0.08749985694885254,0.03124988079071045,0.0,0.08749985694885254,-0.125,14,10,4,24,25.5,26.3,2019-07-03T14:00:00.0,2019-07-04T05:00:00.0
2019-07-04,33.55,-6.1000004,0.08749985694885254,-0.06666692346334457,0.010416466742753983,-0.09000015258789062,-0.06666692346334457,-0.09090909361839294,14,10,11,24,26.4,38.1,2019-07-04T06:00:00.0,2019-07-04T11:00:00.0
2019-07-05,32.0,1.4000015,-0.06666692346334457,-0.0714285746216774,-0.06904774904251099,-0.02500009536743164,-0.0714285746216774,-0.05000005289912224,14,10,14,24,31.0,32.4,2019-07-06T05:00:00.0,2019-07-05T06:00:00.0
2019-07-06,30.7,0.39999962,-0.0714285746216774,-0.01250004768371582,-0.04196431115269661,0.0,-0.01250004768371582,-0.1333332061767578,14,10,3,24,30.6,31.0,2019-07-07T05:00:00.0,2019-07-06T06:00:00.0
2019-07-07,30.1,0.29999924,-0.01250004768371582,0.0,-0.00625002384185791,0.0,0.0,-0.125,14,10,4,24,30.1,30.5,2019-07-07T19:00:00.0,2019-07-07T06:00:00.0
2019-07-08,32.85,-2.8999996,0.0,-0.10000038146972656,-0.05000019073486328,0.27500009536743164,-0.10000038146972656,0.19999994337558746,14,10,14,24,30.1,34.0,2019-07-08T09:00:00.0,2019-07-08T23:00:00.0
2019-07-09,33.3,1.3999996,-0.10000038146972656,-0.10000228881835938,-0.10000133514404297,-0.049999237060546875,-0.10000228881835938,-0.0714285746216774,14,10,7,24,31.6,33.5,2019-07-10T05:00:00.0,2019-07-09T11:00:00.0
2019-07-10,31.1,1.7999992,-0.10000228881835938,-0.10000038146972656,-0.10000133514404297,0.0,-0.10000038146972656,-0.12000007927417755,14,10,5,24,29.7,31.5,2019-07-11T05:00:00.0,2019-07-10T06:00:00.0
2019-07-11,29.3,-8.500002,-0.10000038146972656,1.062500238418579,0.48124992847442627,0.0,1.062500238418579,-0.1666666716337204,14,10,3,24,29.2,37.9,2019-07-11T12:00:00.0,2019-07-12T05:00:00.0
2019-07-12,38.1,0.10000229,1.062500238418579,-0.033334095031023026,0.514583071693778,0.0,-0.033334095031023026,0.0,14,10,0,24,37.8,38.2,2019-07-13T05:00:00.0,2019-07-12T23:00:00.0
2019-07-13,37.75,5.5,-0.033334095031023026,-0.27142879366874695,-0.152381444349885,0.009090770035982132,-0.27142879366874695,-0.07857131958007812,14,10,14,24,32.2,37.9,2019-07-14T05:00:00.0,2019-07-13T17:00:00.0
2019-07-14,31.3,-2.1999989,-0.27142879366874695,0.3333331346511841,0.030952170491218567,-0.028571536764502525,0.3333331346511841,-0.08461541682481766,14,10,13,24,31.1,35.5,2019-07-14T20:00:00.0,2019-07-15T03:00:00.0
2019-07-15,32.9,2.6000023,0.3333331346511841,-0.09999847412109375,0.11666733026504517,-0.07777786254882812,-0.09999847412109375,-0.11428560316562653,14,10,14,24,31.3,33.9,2019-07-16T05:00:00.0,2019-07-15T06:00:00.0
2019-07-16,30.7,-6.4000015,-0.09999847412109375,0.5857146382331848,0.24285808205604553,0.0,0.5857146382331848,-0.19999949634075165,14,10,3,24,30.7,37.4,2019-07-17T01:00:00.0,2019-07-17T05:00:00.0
2019-07-17,37.75,5.200001,0.5857146382331848,-0.39999961853027344,0.09285750985145569,0.040000151842832565,-0.39999961853027344,0.0,14,10,0,24,32.2,37.9,2019-07-18T05:00:00.0,2019-07-17T20:00:00.0
2019-07-18,31.6,1.5999985,-0.39999961853027344,-0.1400001496076584,-0.2699998840689659,0.0,-0.1400001496076584,-0.3000001907348633,14,10,2,24,30.2,31.8,2019-07-19T05:00:00.0,2019-07-18T06:00:00.0
2019-07-19,29.5,1.5999985,-0.1400001496076584,-0.15555551648139954,-0.14777783304452896,0.020000075921416283,-0.15555551648139954,-0.30000051856040955,14,10,3,24,28.2,29.8,2019-07-20T05:00:00.0,2019-07-19T06:00:00.0
2019-07-20,27.9,0.39999962,-0.15555551648139954,0.0,-0.07777775824069977,-0.03636360168457031,0.0,-0.05454548820853233,14,10,11,24,27.6,28.1,2019-07-21T05:00:00.0,2019-07-20T13:00:00.0
2019-07-21,27.4,0.0,0.0,-0.014285496436059475,-0.0071427482180297375,0.0,-0.014285496436059475,-0.10000010579824448,14,10,7,24,26.9,27.9,2019-07-21T14:00:00.0,2019-07-22T01:00:00.0
2019-07-22,27.3,0.5,-0.014285496436059475,-0.02500009536743164,-0.019642795901745558,0.0,-0.02500009536743164,-0.09999990463256836,14,10,4,24,27.0,27.5,2019-07-23T05:00:00.0,2019-07-22T06:00:00.0
2019-07-23,26.8,0.79999924,-0.02500009536743164,-0.049999237060546875,-0.03749966621398926,0.0,-0.049999237060546875,-0.07499980926513672,14,10,4,24,26.1,26.9,2019-07-24T05:00:00.0,2019-07-23T06:00:00.0
2019-07-24,25.6,0.79999924,-0.049999237060546875,-0.05000019073486328,-0.04999971389770508,0.0,-0.05000019073486328,-0.2000001221895218,14,10,3,24,25.1,25.9,2019-07-25T05:00:00.0,2019-07-24T06:00:00.0
2019-07-25,24.5,0.8999996,-0.05000019073486328,-0.04999995231628418,-0.05000007152557373,0.0,-0.04999995231628418,-0.2000001221895218,14,10,3,24,23.9,24.8,2019-07-26T05:00:00.0,2019-07-25T06:00:00.0
2019-07-26,23.2,0.70000076,-0.04999995231628418,-0.028571536764502525,-0.03928574454039335,0.0,-0.028571536764502525,-0.19999980926513672,14,10,4,24,22.9,23.6,2019-07-27T05:00:00.0,2019-07-26T06:00:00.0
2019-07-27,22.4,0.70000076,-0.028571536764502525,-0.016666730865836143,-0.022619133815169334,0.0,-0.016666730865836143,-0.15000009536743164,14,10,4,24,22.0,22.7,2019-07-28T05:00:00.0,2019-07-27T06:00:00.0
2019-07-28,21.4,0.8999996,-0.016666730865836143,-0.016666730865836143,-0.016666730865836143,0.0,-0.016666730865836143,-0.2000001221895218,14,10,3,24,20.9,21.8,2019-07-29T05:00:00.0,2019-07-28T06:00:00.0
2019-07-29,20.2,1.0,-0.016666730865836143,0.0,-0.008333365432918072,-0.011110941879451275,0.0,-0.13999977707862854,13,11,5,24,19.7,20.7,2019-07-30T05:00:00.0,2019-07-29T06:00:00.0
2019-07-30,18.9,1.0,0.0,0.0,0.0,-0.03333346173167229,0.0,-0.08181831985712051,13,11,11,24,18.5,19.5,2019-07-31T05:00:00.0,2019-07-30T06:00:00.0
2019-07-31,17.7,0.69999886,0.0,0.0,0.0,-0.03541657701134682,0.0,-0.11428560316562653,13,11,7,24,17.6,18.3,2019-08-01T05:00:00.0,2019-07-31T06:00:00.0
2019-08-01,16.8,0.69999886,0.0,0.0,0.0,-0.049999237060546875,0.0,-0.08181814849376678,13,11,11,24,16.7,17.4,2019-08-02T05:00:00.0,2019-08-01T06:00:00.0
2019-08-02,16.0,0.70000076,0.0,0.0,0.0,-0.05000019073486328,0.0,-0.10000014305114746,13,11,8,24,15.9,16.6,2019-08-03T05:00:00.0,2019-08-02T06:00:00.0
2019-08-03,15.4,0.5999994,0.0,0.0,0.0,-0.04999997653067112,0.0,-0.07499992847442627,13,11,8,24,15.2,15.9,2019-08-04T03:00:00.0,2019-08-03T06:00:00.0
2019-08-04,14.8,0.5,0.0,0.0,0.0,-0.04999997653067112,0.0,-0.07500004768371582,13,11,8,24,14.7,15.3,2019-08-05T02:00:00.0,2019-08-04T06:00:00.0
2019-08-05,14.5,0.10000038,0.0,0.028571536764502525,0.014285768382251263,-0.03333335369825363,0.028571536764502525,-0.040000058710575104,13,11,10,24,14.4,14.8,2019-08-06T01:00:00.0,2019-08-05T06:00:00.0
2019-08-06,14.1,0.39999962,0.028571536764502525,0.0,0.014285768382251263,-0.060000039637088776,0.0,-0.07777775824069977,13,11,9,24,14.0,14.7,2019-08-07T02:00:00.0,2019-08-06T06:00:00.0
2019-08-07,13.9,0.19999981,0.0,0.02857140079140663,0.014285700395703316,-0.03333340771496296,0.02857140079140663,-0.046153876930475235,13,11,13,24,13.7,14.2,2019-08-08T01:00:00.0,2019-08-07T06:00:00.0
2019-08-08,13.5,0.19999981,0.02857140079140663,0.03333314135670662,0.030952271074056625,-0.060000039637088776,0.03333314135670662,-0.08571434020996094,13,11,7,24,13.3,14.0,2019-08-08T23:00:00.0,2019-08-08T07:00:00.0
2019-08-09,13.2,0.6000004,0.03333314135670662,0.0,0.01666657067835331,-0.0666666030883789,0.0,-0.08888891339302063,13,11,9,24,13.0,13.8,2019-08-10T03:00:00.0,2019-08-09T06:00:00.0
2019-08-10,12.9,-0.10000038,0.0,0.020000075921416283,0.010000037960708141,-0.014285768382251263,0.020000075921416283,-0.060000039637088776,13,11,5,24,12.9,13.3,2019-08-11T01:00:00.0,2019-08-11T05:00:00.0
2019-08-11,12.9,0.3000002,0.020000075921416283,0.03333314135670662,0.02666660863906145,-0.05634917877614498,0.03333314135670662,-0.058333318680524826,13,11,12,24,12.6,13.3,2019-08-12T01:00:00.0,2019-08-11T06:00:00.0
2019-08-12,12.7,0.10000038,0.03333314135670662,0.05000019073486328,0.04166666604578495,-0.04999995231628418,0.05000019073486328,-0.0714285746216774,13,11,7,24,12.4,13.0,2019-08-12T23:00:00.0,2019-08-12T07:00:00.0
2019-08-13,12.4,0.09999943,0.05000019073486328,0.0555555559694767,0.05277787335216999,-0.04999997653067112,0.0555555559694767,-0.07499992847442627,13,11,8,24,12.2,12.9,2019-08-14T00:00:00.0,2019-08-13T06:00:00.0
2019-08-14,12.2,-0.3000002,0.0555555559694767,0.07777775824069977,0.06666665710508823,-0.059999942779541016,0.07777775824069977,-0.08749997615814209,13,11,8,24,12.1,13.0,2019-08-14T17:00:00.0,2019-08-15T05:00:00.0
2019-08-15,12.7,0.19999981,0.07777775824069977,0.03333335369825363,0.0555555559694767,-0.047727130353450775,0.03333335369825363,-0.0555555559694767,13,11,9,24,12.4,13.0,2019-08-16T00:00:00.0,2019-08-15T07:00:00.0
2019-08-16,12.4,0.29999924,0.03333335369825363,0.04999995231628418,0.041666653007268906,-0.06666673347353935,0.04999995231628418,-0.07272720336914062,13,11,11,24,12.0,12.9,2019-08-17T00:00:00.0,2019-08-16T06:00:00.0
2019-08-17,12.1,0.3000002,0.04999995231628418,0.04444440081715584,0.04722217656672001,-0.07321431115269661,0.04444440081715584,-0.08750009536743164,13,11,8,24,11.8,12.6,2019-08-17T23:00:00.0,2019-08-17T07:00:00.0
2019-08-18,11.8,0.19999981,0.04444440081715584,0.042857032269239426,0.04365071654319763,-0.06125001981854439,0.042857032269239426,-0.06363634765148163,13,11,11,24,11.6,12.3,2019-08-19T01:00:00.0,2019-08-18T07:00:00.0
2019-08-19,11.5,0.20000076,0.042857032269239426,0.04285717010498047,0.04285710118710995,-0.06666670739650726,0.04285717010498047,-0.06666668504476547,13,11,12,24,11.3,12.1,2019-08-20T01:00:00.0,2019-08-19T06:00:00.0
2019-08-20,11.3,0.39999962,0.04285717010498047,0.03750002384185791,0.04017859697341919,-0.08660709112882614,0.03750002384185791,-0.08181814849376678,13,11,11,24,11.0,11.9,2019-08-21T01:00:00.0,2019-08-20T06:00:00.0
2019-08-21,11.0,0.10000038,0.03750002384185791,0.04999971389770508,0.043749868869781494,-0.06125001981854439,0.04999971389770508,-0.06363634765148163,13,11,11,24,10.8,11.5,2019-08-22T00:00:00.0,2019-08-21T07:00:00.0
2019-08-22,10.8,0.19999981,0.04999971389770508,0.042857032269239426,0.04642837308347225,-0.06666673347353935,0.042857032269239426,-0.07272720336914062,13,11,11,24,10.6,11.4,2019-08-23T01:00:00.0,2019-08-22T06:00:00.0
2019-08-23,10.6,0.19999981,0.042857032269239426,0.04285717010498047,0.04285710118710995,-0.06666670739650726,0.04285717010498047,-0.07272729277610779,13,11,11,24,10.4,11.2,2019-08-24T01:00:00.0,2019-08-23T06:00:00.0
2019-08-24,10.5,0.10000038,0.04285717010498047,0.0666666030883789,0.05476188659667969,-0.0666666030883789,0.0666666030883789,-0.07272729277610779,13,11,11,24,10.2,11.0,2019-08-25T01:00:00.0,2019-08-24T07:00:00.0
2019-08-25,10.3,0.39999962,0.0666666030883789,0.03333335369825363,0.04999997839331627,-0.06666668131947517,0.03333335369825363,-0.11666663736104965,13,11,6,24,10.2,10.9,2019-08-25T22:00:00.0,2019-08-25T07:00:00.0
2019-08-26,10.6,-0.5999994,0.03333335369825363,0.06666670739650726,0.05000003054738045,-0.017424309626221657,0.06666670739650726,-0.03333335369825363,13,11,9,24,10.4,11.2,2019-08-26T23:00:00.0,2019-08-27T05:00:00.0
2019-08-27,10.6,0.39999962,0.06666670739650726,0.03750002384185791,0.05208336561918259,-0.07999997213482857,0.03750002384185791,-0.07499996572732925,13,11,12,24,10.3,11.2,2019-08-28T01:00:00.0,2019-08-27T06:00:00.0
2019-08-28,10.3,0.6999998,0.03750002384185791,0.0,0.018750011920928955,-0.060000039637088776,0.0,-0.07777775824069977,13,11,9,24,10.1,10.9,2019-08-29T00:00:00.0,2019-08-28T06:00:00.0
2019-08-29,10.2,-0.3000002,0.0,0.05000003054738045,0.025000015273690224,-0.02857140079140663,0.05000003054738045,-0.05000003054738045,13,11,6,24,10.0,10.5,2019-08-30T00:00:00.0,2019-08-30T05:00:00.0
2019-08-30,10.2,0.10000038,0.05000003054738045,0.04999997653067112,0.050000003539025784,-0.06306817382574081,0.04999997653067112,-0.08749997615814209,13,11,8,24,9.9,10.7,2019-08-30T22:00:00.0,2019-08-30T07:00:00.0
2019-08-31,10.1,0.3000002,0.04999997653067112,0.03333335369825363,0.041666665114462376,-0.060000039637088776,0.03333335369825363,-0.08571434020996094,13,11,7,24,9.9,10.6,2019-08-31T23:00:00.0,2019-08-31T07:00:00.0
2019-09-01,10.0,-3.0,0.03333335369825363,0.39999961853027344,0.21666648611426353,-0.03484857454895973,0.39999961853027344,-0.05000007152557373,13,11,8,24,9.9,13.3,2019-09-01T17:00:00.0,2019-09-02T05:00:00.0
2019-09-02,14.0,-0.6000004,0.39999961853027344,0.0,0.19999980926513672,0.03333346173167229,0.0,0.0,13,12,0,25,13.5,14.2,2019-09-02T06:00:00.0,2019-09-03T05:00:00.0
2019-09-03,13.6,0.8999996,0.0,-0.02499985694885254,-0.01249992847442627,-0.041428565979003906,-0.02499985694885254,-0.06666670739650726,12,12,9,24,13.1,14.0,2019-09-04T06:00:00.0,2019-09-03T07:00:00.0
2019-09-04,12.45,0.6000004,-0.02499985694885254,0.01742426585406065,-0.0037877955473959446,-0.05000019073486328,0.01742426585406065,-0.08000002056360245,12,12,10,24,12.2,13.0,2019-09-05T02:00:00.0,2019-09-04T07:00:00.0
2019-09-05,11.9,0.19999981,0.01742426585406065,0.040000058710575104,0.028712162282317877,-0.05000005103647709,0.040000058710575104,-0.06363634765148163,12,12,11,24,11.6,12.3,2019-09-06T01:00:00.0,2019-09-05T07:00:00.0
2019-09-06,11.45,0.3000002,0.040000058710575104,0.060000039637088776,0.05000004917383194,-0.0763889029622078,0.060000039637088776,-0.10000002384185791,12,12,8,24,11.1,12.1,2019-09-07T00:00:00.0,2019-09-06T07:00:00.0
2019-09-07,11.05,0.3000002,0.060000039637088776,0.06458330154418945,0.062291670590639114,-0.08090908452868462,0.06458330154418945,-0.0833333358168602,12,12,12,24,10.7,11.7,2019-09-08T00:00:00.0,2019-09-07T07:00:00.0
2019-09-08,10.8,0.29999924,0.06458330154418945,0.07500004768371582,0.06979167461395264,-0.08749997615814209,0.07500004768371582,-0.09999990463256836,12,12,8,24,10.4,11.4,2019-09-09T00:00:00.0,2019-09-08T07:00:00.0
2019-09-09,10.5,0.20000076,0.07500004768371582,0.07500004768371582,0.07500004768371582,-0.0763889029622078,0.07500004768371582,-0.10000002384185791,12,12,8,24,10.2,11.1,2019-09-10T00:00:00.0,2019-09-09T07:00:00.0
2019-09-10,10.25,0.09999943,0.07500004768371582,0.07749998569488525,0.07625001668930054,-0.07207788899540901,0.07749998569488525,-0.08888880163431168,12,12,9,24,10.0,10.9,2019-09-11T00:00:00.0,2019-09-10T07:00:00.0
2019-09-11,9.95,0.3000002,0.07749998569488525,0.059999942779541016,0.06874996423721313,-0.05277787335216999,0.059999942779541016,-0.0833333358168602,12,12,12,24,9.8,10.7,2019-09-11T23:00:00.0,2019-09-11T07:00:00.0
2019-09-12,9.85,0.09999943,0.059999942779541016,0.060000039637088776,0.059999991208314896,-0.05000019073486328,0.060000039637088776,-0.07777775824069977,12,12,9,24,9.7,10.4,2019-09-13T00:00:00.0,2019-09-12T07:00:00.0
2019-09-13,9.75,0.10000038,0.060000039637088776,0.059999942779541016,0.059999991208314896,-0.050000015646219254,0.059999942779541016,-0.07777775824069977,12,12,9,24,9.6,10.3,2019-09-14T00:00:00.0,2019-09-13T07:00:00.0
2019-09-14,9.6,0.0,0.059999942779541016,0.060000039637088776,0.059999991208314896,-0.05634917877614498,0.060000039637088776,-0.08749997615814209,12,12,8,24,9.5,10.1,2019-09-15T00:00:00.0,2019-09-15T06:00:00.0
2019-09-15,9.5,0.0,0.060000039637088776,0.04365083947777748,0.05182543955743313,-0.0563492476940155,0.04365083947777748,-0.08750009536743164,12,12,8,24,9.4,10.0,2019-09-16T00:00:00.0,2019-09-16T06:00:00.0
2019-09-16,9.4,-0.10000038,0.04365083947777748,0.06833329051733017,0.055992064997553825,-0.05634917877614498,0.06833329051733017,-0.08749997615814209,12,12,8,24,9.3,10.0,2019-09-17T00:00:00.0,2019-09-17T06:00:00.0
2019-09-17,9.3,0.09999943,0.06833329051733017,0.06125001981854439,0.06479165516793728,-0.05857148952782154,0.06125001981854439,-0.08888891339302063,12,12,9,24,9.2,9.9,2019-09-18T00:00:00.0,2019-09-18T05:00:00.0
2019-09-18,9.2,-0.10000038,0.06125001981854439,0.06458330154418945,0.06291666068136692,-0.06306817382574081,0.06458330154418945,-0.07272729277610779,12,12,11,24,9.0,9.8,2019-09-18T21:00:00.0,2019-09-19T06:00:00.0
2019-09-19,9.1,0.0,0.06458330154418945,0.09499998018145561,0.07979164086282253,-0.07321431115269661,0.09499998018145561,-0.08181823045015335,12,12,11,24,8.9,9.8,2019-09-19T23:00:00.0,2019-09-20T06:00:00.0
2019-09-20,9.05,0.0,0.09499998018145561,0.08785708248615265,0.09142853133380413,-0.08541671559214592,0.08785708248615265,-0.0833333358168602,12,12,12,24,8.8,9.7,2019-09-20T23:00:00.0,2019-09-21T06:00:00.0
2019-09-21,8.9,0.0,0.08785708248615265,0.0878571979701519,0.08785714022815228,-0.07750003412365913,0.0878571979701519,-0.10000000149011612,12,12,10,24,8.7,9.6,2019-09-22T00:00:00.0,2019-09-22T06:00:00.0
2019-09-22,8.75,0.0,0.0878571979701519,0.09999996423721313,0.09392858110368252,-0.09545426070690155,0.09999996423721313,-0.09166669845581055,12,12,12,24,8.5,9.5,2019-09-22T23:00:00.0,2019-09-23T06:00:00.0
2019-09-23,8.75,0.10000038,0.09999996423721313,0.0899999588727951,0.09499996155500412,-0.08819444477558136,0.0899999588727951,-0.10000000149011612,12,12,10,24,8.5,9.5,2019-09-24T00:00:00.0,2019-09-23T07:00:00.0
2019-09-24,8.65,0.19999981,0.0899999588727951,0.08000011742115021,0.08500003814697266,-0.09999942779541016,0.08000011742115021,-0.10000000149011612,12,12,10,24,8.4,9.4,2019-09-25T00:00:00.0,2019-09-24T07:00:00.0
2019-09-25,8.75,0.3000002,0.08000011742115021,0.05000019073486328,0.06500015407800674,-0.0833333358168602,0.05000019073486328,-0.09999990463256836,12,12,6,24,8.4,9.2,2019-09-26T00:00:00.0,2019-09-25T07:00:00.0
2019-09-26,8.6,0.0,0.05000019073486328,0.05000019073486328,0.05000019073486328,-0.05000003054738045,0.05000019073486328,-0.0625,12,12,8,24,8.4,8.9,2019-09-27T00:00:00.0,2019-09-27T06:00:00.0
2019-09-27,8.5,-0.3000002,0.05000019073486328,0.08000006899237633,0.0650001298636198,-0.05000003054738045,0.08000006899237633,NaN,12,12,8,24,8.4,9.2,2019-09-28T00:00:00.0,2019-09-28T06:00:00.0
2019-09-28,8.5,0.09999943,0.08000006899237633,0.0666666030883789,0.07333333604037762,-0.0833333358168602,0.0666666030883789,-0.09999995678663254,12,12,9,24,8.3,9.2,2019-09-28T23:00:00.0,2019-09-28T07:00:00.0
2019-09-29,8.55,-0.09999943,0.0666666030883789,0.0899999588727951,0.078333280980587,-0.07638895511627197,0.0899999588727951,-0.10000010579824448,12,12,7,24,8.3,9.2,2019-09-30T00:00:00.0,2019-09-30T06:00:00.0
2019-09-30,8.45,0.10000038,0.0899999588727951,0.06833329051733017,0.07916662469506264,-0.0720779336988926,0.06833329051733017,-0.09999995678663254,12,12,9,24,8.3,9.1,2019-10-01T00:00:00.0,2019-09-30T07:00:00.0
2019-10-01,8.4,0.0,0.06833329051733017,0.07500004768371582,0.071666669100523,-0.05857137218117714,0.07500004768371582,-0.08749997615814209,12,12,8,24,8.2,9.0,2019-10-01T22:00:00.0,2019-10-02T06:00:00.0
2019-10-02,8.4,0.0,0.07500004768371582,0.07321431115269661,0.07410717941820621,-0.06666665524244308,0.07321431115269661,-0.08000002056360245,12,12,10,24,8.2,8.9,2019-10-02T23:00:00.0,2019-10-03T06:00:00.0
2019-10-03,8.35,0.0,0.07321431115269661,0.06833329051733017,0.07077380083501339,-0.060000039637088776,0.06833329051733017,-0.07777775824069977,12,12,9,24,8.2,8.9,2019-10-04T00:00:00.0,2019-10-04T06:00:00.0
2019-10-04,8.35,0.09999943,0.06833329051733017,0.05857148952782154,0.06345239002257586,-0.05857148952782154,0.05857148952782154,-0.08749997615814209,12,12,8,24,8.2,8.9,2019-10-05T00:00:00.0,2019-10-04T07:00:00.0
2019-10-05,8.25,0.09999943,0.05857148952782154,0.026785748079419136,0.04267861880362034,-0.04999983310699463,0.026785748079419136,-0.06363634765148163,12,12,11,24,8.1,8.7,2019-10-05T17:00:00.0,2019-10-05T07:00:00.0
2019-10-06,8.3,0.10000038,0.026785748079419136,0.02499997615814209,0.025892862118780613,-0.03333340771496296,0.02499997615814209,-0.04444450885057449,12,12,9,24,8.2,8.6,2019-10-07T00:00:00.0,2019-10-06T08:00:00.0
2019-10-07,8.3,0.0,0.02499997615814209,0.019999933429062366,0.022499954793602228,-0.01666657067835331,0.019999933429062366,-0.04999995231628418,12,12,4,24,8.3,8.5,2019-10-08T01:00:00.0,2019-10-08T06:00:00.0
2019-10-08,8.4,-0.39999962,0.019999933429062366,0.05857144109904766,0.039285687264055014,-0.02499997615814209,0.05857144109904766,-0.0666666030883789,11,13,3,24,8.2,8.9,2019-10-08T22:00:00.0,2019-10-09T06:00:00.0
2019-10-09,8.5,-0.10000038,0.05857144109904766,0.05916663073003292,0.05886903591454029,-0.0555555559694767,0.05916663073003292,-0.059999942779541016,11,13,10,24,8.3,9.0,2019-10-10T00:00:00.0,2019-10-10T06:00:00.0
2019-10-10,8.6,0.3000002,0.05916663073003292,0.0,0.02958331536501646,-0.05714280158281326,0.0,-0.06666670739650726,11,13,9,24,8.4,9.0,2019-10-11T04:00:00.0,2019-10-10T07:00:00.0
2019-10-11,9.9,-2.8999996,0.0,0.0833333358168602,0.0416666679084301,0.17777782678604126,0.0833333358168602,0.0,11,13,0,24,8.8,11.7,2019-10-11T07:00:00.0,2019-10-12T06:00:00.0
2019-10-12,11.8,-0.5,0.0833333358168602,0.03333332762122154,0.05833333171904087,0.0,0.03333332762122154,0.0,11,13,0,24,11.7,12.2,2019-10-12T07:00:00.0,2019-10-13T06:00:00.0
2019-10-13,12.0,0.09999943,0.03333332762122154,0.0,0.01666666381061077,-0.020000075921416283,0.0,-0.04999995231628418,11,13,4,24,12.0,12.2,2019-10-14T02:00:00.0,2019-10-13T08:00:00.0
2019-10-14,11.8,0.5,0.0,-0.014285768382251263,-0.007142884191125631,-0.04999971389770508,-0.014285768382251263,-0.0555555559694767,11,13,9,24,11.4,12.0,2019-10-15T05:00:00.0,2019-10-14T08:00:00.0
2019-10-15,11.3,0.3000002,-0.014285768382251263,0.0,-0.007142884191125631,-0.03333330154418945,0.0,-0.039999961853027344,11,13,10,24,11.1,11.5,2019-10-16T04:00:00.0,2019-10-15T07:00:00.0
2019-10-16,11.0,0.10000038,0.0,0.019090887159109116,0.009545443579554558,-0.03333346173167229,0.019090887159109116,-0.04444450885057449,11,13,9,24,10.8,11.3,2019-10-17T01:00:00.0,2019-10-16T07:00:00.0
2019-10-17,10.8,0.19999981,0.019090887159109116,0.03874999284744263,0.02892044000327587,-0.059999845921993256,0.03874999284744263,-0.06999997794628143,11,13,10,24,10.4,11.2,2019-10-18T00:00:00.0,2019-10-17T07:00:00.0
2019-10-18,10.5,0.3000002,0.03874999284744263,0.049999913200736046,0.044374953024089336,-0.09999942779541016,0.049999913200736046,-0.08888891339302063,11,13,9,24,10.1,11.0,2019-10-19T01:00:00.0,2019-10-18T07:00:00.0
2019-10-19,10.3,0.19999981,0.049999913200736046,0.042261919006705284,0.046130916103720665,-0.07500004768371582,0.042261919006705284,-0.08749997615814209,11,13,8,24,9.9,10.7,2019-10-20T01:00:00.0,2019-10-19T07:00:00.0
2019-10-20,10.1,0.19999981,0.042261919006705284,0.042261919006705284,0.042261919006705284,-0.0666666030883789,0.042261919006705284,-0.07500004768371582,11,13,8,24,9.7,10.5,2019-10-21T00:00:00.0,2019-10-20T07:00:00.0
2019-10-21,10.0,0.3000002,0.042261919006705284,0.019090890884399414,0.03067640494555235,-0.05000019073486328,0.019090890884399414,-0.0625,11,13,8,24,9.7,10.3,2019-10-22T01:00:00.0,2019-10-21T07:00:00.0
2019-10-22,9.8,0.19999981,0.019090890884399414,0.0,0.009545445442199707,-0.03333330154418945,0.0,-0.04285717010498047,11,13,7,24,9.6,10.0,2019-10-23T02:00:00.0,2019-10-22T09:00:00.0
2019-10-23,9.7,-0.5,0.0,0.0558441448956728,0.0279220724478364,-0.02499985694885254,0.0558441448956728,-0.04999995231628418,11,13,4,24,9.6,10.3,2019-10-23T23:00:00.0,2019-10-24T06:00:00.0
2019-10-24,9.9,0.6000004,0.0558441448956728,0.0,0.0279220724478364,-0.0555555559694767,0.0,-0.060000039637088776,11,13,10,24,9.7,10.3,2019-10-25T06:00:00.0,2019-10-24T07:00:00.0
2019-10-25,9.6,0.10000038,0.0,0.0,0.0,-0.014285632409155369,0.0,-0.04999995231628418,11,13,4,24,9.6,9.8,2019-10-26T03:00:00.0,2019-10-25T07:00:00.0
2019-10-26,9.7,-0.10000038,0.0,0.0,0.0,0.0,0.0,-0.09999942779541016,11,13,1,24,9.6,9.8,2019-10-26T22:00:00.0,2019-10-27T06:00:00.0
2019-10-27,9.8,-0.5,0.0,0.041428565979003906,0.020714282989501953,0.0,0.041428565979003906,-0.10000038146972656,11,13,1,24,9.7,10.3,2019-10-27T15:00:00.0,2019-10-28T06:00:00.0
2019-10-28,10.0,0.0,0.041428565979003906,0.016666730865836143,0.029047648422420025,-0.03333335369825363,0.016666730865836143,-0.040000058710575104,11,13,10,24,9.9,10.3,2019-10-29T00:00:00.0,2019-10-29T06:00:00.0
2019-10-29,10.1,0.10000038,0.016666730865836143,0.02499997615814209,0.020833353511989117,-0.050000015646219254,0.02499997615814209,NaN,11,13,9,24,9.7,10.3,2019-10-30T00:00:00.0,2019-10-29T08:00:00.0
2019-10-30,9.9,0.09999943,0.02499997615814209,0.03541664220392704,0.030208309181034565,-0.05000003054738045,0.03541664220392704,NaN,11,13,9,24,9.6,10.2,2019-10-31T01:00:00.0,2019-10-30T07:00:00.0
2019-10-31,9.9,0.0,0.03541664220392704,0.039999961853027344,0.03770830202847719,-0.05000003054738045,0.039999961853027344,-0.06666675955057144,11,13,6,24,9.5,10.1,2019-11-01T00:00:00.0,2019-11-01T06:00:00.0
2019-11-01,9.8,0.10000038,0.039999961853027344,0.03818178176879883,0.039090871810913086,-0.0555555559694767,0.03818178176879883,-0.0625,11,13,8,24,9.4,10.1,2019-11-02T00:00:00.0,2019-11-01T08:00:00.0
2019-11-02,9.8,0.0,0.03818178176879883,0.01714280666783452,0.027662294218316674,-0.042857032269239426,0.01714280666783452,-0.04999995231628418,11,13,8,24,9.5,10.0,2019-11-03T02:00:00.0,2019-11-03T06:00:00.0
2019-11-03,9.6,0.19999981,0.01714280666783452,0.033333247527480125,0.025238027097657323,-0.0625,0.033333247527480125,-0.06666670739650726,11,13,9,24,9.3,10.0,2019-11-04T01:00:00.0,2019-11-03T07:00:00.0
2019-11-04,9.4,0.10000038,0.033333247527480125,0.047727130353450775,0.04053018894046545,-0.0625,0.047727130353450775,-0.06666670739650726,11,13,9,24,9.1,9.8,2019-11-05T00:00:00.0,2019-11-04T08:00:00.0
2019-11-05,9.4,0.3000002,0.047727130353450775,0.01742422580718994,0.03257567808032036,-0.0555555559694767,0.01742422580718994,-0.0714285746216774,11,13,7,24,9.1,9.7,2019-11-06T01:00:00.0,2019-11-05T08:00:00.0
2019-11-06,9.2,0.0,0.01742422580718994,0.010555495042353868,0.013989860424771905,-0.02499997615814209,0.010555495042353868,-0.042857032269239426,11,13,7,24,9.1,9.3,2019-11-07T02:00:00.0,2019-11-07T06:00:00.0
2019-11-07,9.1,-0.3000002,0.010555495042353868,0.05000003054738045,0.030277762794867158,-0.030000019818544388,0.05000003054738045,-0.04285717010498047,11,13,7,24,9.0,9.6,2019-11-08T00:00:00.0,2019-11-08T06:00:00.0
2019-11-08,9.2,0.20000076,0.05000003054738045,0.0279220724478364,0.03896105149760842,-0.0625,0.0279220724478364,-0.06666670739650726,11,13,9,24,8.9,9.6,2019-11-09T00:00:00.0,2019-11-08T08:00:00.0
2019-11-09,9.2,0.09999943,0.0279220724478364,0.021111191250383854,0.024516631849110126,-0.05000019073486328,0.021111191250383854,-0.0625,11,13,8,24,8.9,9.4,2019-11-10T01:00:00.0,2019-11-09T08:00:00.0
2019-11-10,9.1,-0.09999943,0.021111191250383854,0.04415585845708847,0.03263352485373616,-0.04999971389770508,0.04415585845708847,-0.057142939418554306,11,13,7,24,8.8,9.4,2019-11-11T00:00:00.0,2019-11-11T06:00:00.0
2019-11-11,9.2,0.19999981,0.04415585845708847,0.0045454720966517925,0.02435066527687013,-0.03333330154418945,0.0045454720966517925,-0.059999845921993256,11,13,5,24,9.0,9.4,2019-11-12T02:00:00.0,2019-11-11T08:00:00.0
2019-11-12,9.2,-0.6000004,0.0045454720966517925,0.03333332762122154,0.018939399858936667,0.011111153289675713,0.03333332762122154,0.0,11,13,0,24,9.2,9.8,2019-11-12T12:00:00.0,2019-11-13T06:00:00.0
2019-11-13,9.8,-0.20000076,0.03333332762122154,0.02222220040857792,0.02777776401489973,0.0,0.02222220040857792,-0.09999942779541016,11,14,1,25,9.7,10.1,2019-11-14T00:00:00.0,2019-11-14T07:00:00.0
2019-11-14,9.9,-0.19999981,0.02222220040857792,0.03333330154418945,0.027777750976383686,-0.02857140079140663,0.03333330154418945,-0.04285717010498047,10,14,7,24,9.8,10.2,2019-11-15T01:00:00.0,2019-11-15T07:00:00.0
2019-11-15,9.95,0.0,0.03333330154418945,0.04285717010498047,0.03809523582458496,-0.04285717010498047,0.04285717010498047,-0.05714280158281326,10,14,7,24,9.7,10.2,2019-11-16T01:00:00.0,2019-11-16T07:00:00.0
2019-11-16,10.05,-0.10000038,0.04285717010498047,0.020000075921416283,0.031428623013198376,-0.02499997615814209,0.020000075921416283,-0.04999995231628418,10,14,4,24,9.9,10.3,2019-11-17T02:00:00.0,2019-11-17T07:00:00.0
2019-11-17,10.05,0.6000004,0.020000075921416283,-0.00999994296580553,0.005000066477805376,-0.04285717010498047,-0.00999994296580553,-0.05000007152557373,10,14,8,24,9.6,10.3,2019-11-18T06:00:00.0,2019-11-17T08:00:00.0
2019-11-18,9.6,-0.5,-0.00999994296580553,0.0416666679084301,0.015833362471312284,0.0,0.0416666679084301,-0.03333314135670662,10,14,3,24,9.6,10.1,2019-11-18T22:00:00.0,2019-11-19T07:00:00.0
2019-11-19,9.95,-0.19999981,0.0416666679084301,0.019999980926513672,0.030833324417471886,-0.014285768382251263,0.019999980926513672,-0.05000019073486328,10,14,4,24,9.9,10.3,2019-11-19T16:00:00.0,2019-11-20T07:00:00.0
2019-11-20,10.1,0.10000038,0.019999980926513672,0.014285768382251263,0.017142874654382467,-0.03333330154418945,0.014285768382251263,-0.04285717010498047,10,14,7,24,10.0,10.3,2019-11-21T02:00:00.0,2019-11-20T08:00:00.0
2019-11-21,10.0,0.09999943,0.014285768382251263,0.016666730865836143,0.015476249624043703,-0.03333346173167229,0.016666730865836143,-0.04285717010498047,10,14,7,24,9.8,10.2,2019-11-22T01:00:00.0,2019-11-21T09:00:00.0
2019-11-22,9.95,-0.09999943,0.016666730865836143,0.03636360168457031,0.026515166275203228,-0.03333314135670662,0.03636360168457031,-0.03750002384185791,10,14,8,24,9.7,10.2,2019-11-23T00:00:00.0,2019-11-23T07:00:00.0
2019-11-23,10.0,0.0,0.03636360168457031,0.03333314135670662,0.034848371520638466,-0.03333346173167229,0.03333314135670662,-0.05000003054738045,10,14,6,24,9.8,10.2,2019-11-24T02:00:00.0,2019-11-24T07:00:00.0
2019-11-24,10.0,0.6999998,0.03333314135670662,-0.02499997615814209,0.004166582599282265,-0.03750002384185791,-0.02499997615814209,-0.04444440081715584,10,14,9,24,9.5,10.2,2019-11-25T07:00:00.0,2019-11-24T08:00:00.0
2019-11-25,9.5,-0.10000038,-0.02499997615814209,0.01250004768371582,-0.006249964237213135,-0.01250004768371582,0.01250004768371582,-0.10000038146972656,10,14,1,24,9.4,9.6,2019-11-25T21:00:00.0,2019-11-26T07:00:00.0
2019-11-26,9.6,-0.29999924,0.01250004768371582,0.0,0.00625002384185791,0.0,0.0,0.0,10,14,0,24,9.6,9.9,2019-11-27T03:00:00.0,2019-11-27T07:00:00.0
2019-11-27,11.7,-4.299999,0.0,0.09999974817037582,0.04999987408518791,0.3399999737739563,0.09999974817037582,0.0,10,14,0,24,10.1,14.4,2019-11-27T08:00:00.0,2019-11-28T07:00:00.0
2019-11-28,14.55,-0.19999981,0.09999974817037582,0.0,0.04999987408518791,0.01250004768371582,0.0,0.0,10,14,0,24,14.5,14.7,2019-11-28T12:00:00.0,2019-11-29T07:00:00.0
2019-11-29,14.6,0.09999943,0.0,0.0,0.0,0.0,0.0,-0.09999942779541016,10,14,1,24,14.5,14.7,2019-11-30T02:00:00.0,2019-11-29T10:00:00.0
2019-11-30,14.5,-0.6000004,0.0,0.059999845921993256,0.029999922960996628,0.0,0.059999845921993256,-0.02500009536743164,10,14,8,24,14.4,15.1,2019-11-30T19:00:00.0,2019-12-01T07:00:00.0
2019-12-01,15.2,-0.19999981,0.059999845921993256,0.008012851234525442,0.03400634857825935,0.0,0.008012851234525442,0.0,10,14,0,24,15.1,15.3,2019-12-01T08:00:00.0,2019-12-02T07:00:00.0
2019-12-02,15.15,0.19999981,0.008012851234525442,0.0,0.004006425617262721,-0.02499985694885254,0.0,-0.04999995231628418,10,14,4,24,15.1,15.3,2019-12-03T07:00:00.0,2019-12-02T09:00:00.0
2019-12-03,15.0,0.40000057,0.0,-0.009999990463256836,-0.004999995231628418,-0.02500009536743164,-0.009999990463256836,-0.040000151842832565,10,14,5,24,14.7,15.1,2019-12-04T07:00:00.0,2019-12-03T09:00:00.0
2019-12-04,14.6,0.3000002,-0.009999990463256836,0.0,-0.004999995231628418,-0.025000035762786865,0.0,-0.04999995231628418,10,14,4,24,14.4,14.7,2019-12-05T07:00:00.0,2019-12-04T11:00:00.0
2019-12-05,14.2,0.3000002,0.0,0.0,0.0,-0.020000075921416283,0.0,-0.03749990463256836,10,14,8,24,14.0,14.3,2019-12-06T07:00:00.0,2019-12-05T09:00:00.0
2019-12-06,13.9,0.3000002,0.0,0.0,0.0,-0.02500009536743164,0.0,-0.04999995231628418,10,14,4,24,13.6,14.0,2019-12-07T01:00:00.0,2019-12-06T10:00:00.0
2019-12-07,13.5,0.3000002,0.0,0.0,0.0,-0.03333332762122154,0.0,-0.040000151842832565,10,14,5,24,13.3,13.7,2019-12-08T06:00:00.0,2019-12-07T08:00:00.0
2019-12-08,13.2,0.19999981,0.0,0.0,0.0,-0.02500009536743164,0.0,-0.042857032269239426,10,14,7,24,13.0,13.3,2019-12-09T02:00:00.0,2019-12-08T10:00:00.0
2019-12-09,12.95,0.20000076,0.0,0.008333285339176655,0.004166642669588327,-0.03333314135670662,0.008333285339176655,-0.03750002384185791,10,14,8,24,12.7,13.1,2019-12-10T01:00:00.0,2019-12-09T09:00:00.0
2019-12-10,12.7,0.19999981,0.008333285339176655,0.009090856648981571,0.008712070994079113,-0.03333346173167229,0.009090856648981571,-0.04999987408518791,10,14,6,24,12.5,12.9,2019-12-11T02:00:00.0,2019-12-10T09:00:00.0
2019-12-11,12.5,0.39999962,0.009090856648981571,0.0,0.004545428324490786,-0.039999961853027344,0.0,-0.060000039637088776,10,14,5,24,12.2,12.7,2019-12-12T02:00:00.0,2019-12-11T09:00:00.0
2019-12-12,12.2,0.10000038,0.0,0.009090856648981571,0.004545428324490786,-0.02500009536743164,0.009090856648981571,-0.04999995231628418,10,14,4,24,12.0,12.3,2019-12-13T02:00:00.0,2019-12-12T10:00:00.0
2019-12-13,12.0,0.19999981,0.009090856648981571,0.0,0.004545428324490786,-0.0211111381649971,0.0,-0.09999942779541016,10,14,1,24,11.9,12.2,2019-12-14T02:00:00.0,2019-12-13T09:00:00.0
2019-12-14,11.9,0.0,0.0,0.011111047118902206,0.005555523559451103,-0.02499985694885254,0.011111047118902206,-0.039999961853027344,10,14,5,24,11.8,12.0,2019-12-15T02:00:00.0,2019-12-15T07:00:00.0
2019-12-15,11.85,0.0,0.011111047118902206,0.020000028423964977,0.015555537771433592,-0.02361102867871523,0.020000028423964977,-0.10000038146972656,10,14,1,24,11.7,12.0,2019-12-16T02:00:00.0,2019-12-16T07:00:00.0
2019-12-16,11.9,0.19999981,0.020000028423964977,0.010000037960708141,0.01500003319233656,-0.02499985694885254,0.010000037960708141,-0.039999961853027344,10,14,5,24,11.7,12.0,2019-12-17T03:00:00.0,2019-12-16T09:00:00.0
2019-12-17,11.65,0.40000057,0.010000037960708141,-0.008333365432918072,0.0008333362638950348,-0.03333314135670662,-0.008333365432918072,-0.03750002384185791,10,14,8,24,11.4,11.8,2019-12-18T07:00:00.0,2019-12-17T09:00:00.0
2019-12-18,11.35,-0.10000038,-0.008333365432918072,0.0,-0.004166682716459036,-0.01249992847442627,0.0,-0.09999942779541016,10,14,1,24,11.3,11.5,2019-12-19T03:00:00.0,2019-12-19T07:00:00.0
2019-12-19,11.45,-0.19999981,0.0,0.016666730865836143,0.008333365432918072,0.0,0.016666730865836143,-0.10000038146972656,10,14,1,24,11.4,11.7,2019-12-19T15:00:00.0,2019-12-20T07:00:00.0
2019-12-20,11.8,-2.0,0.016666730865836143,0.1555556207895279,0.08611117582768202,0.0,0.1555556207895279,-0.10000038146972656,10,14,1,24,11.7,13.7,2019-12-20T11:00:00.0,2019-12-21T07:00:00.0
2019-12-21,14.85,-3.8000011,0.1555556207895279,0.05000003054738045,0.10277782566845417,0.3285713195800781,0.05000003054738045,0.0,10,14,0,24,13.9,17.7,2019-12-21T08:00:00.0,2019-12-22T07:00:00.0
2019-12-22,17.7,0.20000076,0.05000003054738045,0.0,0.025000015273690224,0.0,0.0,0.0,10,14,0,24,17.3,17.7,2019-12-23T05:00:00.0,2019-12-22T17:00:00.0
2019-12-23,18.2,-1.5,0.0,0.0,0.0,0.17142841219902039,0.0,0.0,10,14,0,24,17.5,19.1,2019-12-23T08:00:00.0,2019-12-23T20:00:00.0
2019-12-24,18.9,-1.7999992,0.0,0.125,0.0625,0.0,0.125,-0.04999995231628418,10,14,8,24,18.6,20.5,2019-12-24T15:00:00.0,2019-12-25T07:00:00.0
2019-12-25,21.55,-1.6999989,0.125,-0.050000110641121864,0.03749994467943907,0.2333332747220993,-0.050000110641121864,0.0,10,14,0,24,20.6,22.9,2019-12-25T08:00:00.0,2019-12-25T21:00:00.0
2019-12-26,22.0,0.9000015,-0.050000110641121864,-0.03750014305114746,-0.04375012684613466,-0.05000019073486328,-0.03750014305114746,-0.0555555559694767,10,14,9,24,21.3,22.2,2019-12-27T07:00:00.0,2019-12-26T09:00:00.0
2019-12-27,21.1,0.5,-0.03750014305114746,-0.020000075921416283,-0.028750109486281872,-0.02500009536743164,-0.020000075921416283,NaN,10,14,9,24,20.7,21.2,2019-12-28T07:00:00.0,2019-12-27T11:00:00.0
2019-12-28,20.95,-0.29999924,-0.020000075921416283,0.0,-0.010000037960708141,0.05714280158281326,0.0,0.0,10,14,0,24,20.7,21.1,2019-12-28T10:00:00.0,2019-12-29T05:00:00.0
2019-12-29,20.9,NaN,0.0,-0.01666657067835331,-0.008333285339176655,-0.016666730865836143,-0.01666657067835331,-0.028571536764502525,10,14,7,24,20.6,21.0,2019-12-30T07:00:00.0,2019-12-29T10:00:00.0
2019-12-30,20.4,0.6000004,-0.01666657067835331,-0.030000114813447,-0.023333342745900154,-0.02500009536743164,-0.030000114813447,-0.03333346173167229,10,14,9,24,19.9,20.5,2019-12-31T07:00:00.0,2019-12-30T11:00:00.0
